periodo,inflacion_anual,inflacion_anual_dif,inflacion_anual_var,inflacion_mensual,inflacion_mensual_dif,inflacion_mensual_var,tasa_interes,tasa_interes_dif,tasa_interes_var,spread,spread_dif,spread_var
2004-01,6.19,,,0.89,,,7.25,0.0,igual,1.06,,
2004-02,6.28,0.09,subio,1.2,0.31,subio,7.18966,-0.0603,bajo,0.9097,-0.1503,bajo
2004-03,6.21,-0.07,bajo,0.98,-0.22,bajo,6.92742,-0.2622,bajo,0.7174,-0.1923,bajo
2004-04,5.49,-0.72,bajo,0.46,-0.52,bajo,6.75,-0.1774,bajo,1.26,0.5426,subio
2004-05,5.37,-0.12,bajo,0.38,-0.08,bajo,6.75,0.0,igual,1.38,0.12,subio
2004-06,6.08,0.71,subio,0.6,0.22,subio,6.75,0.0,igual,0.67,-0.71,bajo
2004-07,6.18,0.1,subio,-0.03,-0.63,bajo,6.75,0.0,igual,0.57,-0.1,bajo
2004-08,5.89,-0.29,bajo,0.03,0.06,subio,6.75,0.0,igual,0.86,0.29,subio
2004-09,5.98,0.09,subio,0.3,0.27,subio,6.75,0.0,igual,0.77,-0.09,bajo
2004-10,5.9,-0.08,bajo,-0.01,-0.31,bajo,6.75,0.0,igual,0.85,0.08,subio
2004-11,5.82,-0.08,bajo,0.28,0.29,subio,6.75,0.0,igual,0.93,0.08,subio
2004-12,5.5,-0.32,bajo,0.3,0.02,subio,6.65323,-0.0968,bajo,1.1532,0.2232,subio
2005-01,5.44,-0.06,bajo,0.82,0.52,subio,6.5,-0.1532,bajo,1.06,-0.0932,bajo
2005-02,5.24,-0.2,bajo,1.02,0.2,subio,6.5,0.0,igual,1.26,0.2,subio
2005-03,5.03,-0.21,bajo,0.77,-0.25,bajo,6.5,0.0,igual,1.47,0.21,subio
2005-04,5.02,-0.01,bajo,0.44,-0.33,bajo,6.5,0.0,igual,1.48,0.01,subio
2005-05,5.04,0.02,subio,0.41,-0.03,bajo,6.5,0.0,igual,1.46,-0.02,bajo
2005-06,4.81,-0.23,bajo,0.4,-0.01,bajo,6.5,0.0,igual,1.69,0.23,subio
2005-07,4.9,0.09,subio,0.05,-0.35,bajo,6.5,0.0,igual,1.6,-0.09,bajo
2005-08,4.86,-0.04,bajo,0.0,-0.05,bajo,6.5,0.0,igual,1.64,0.04,subio
2005-09,5.01,0.15,subio,0.43,0.43,subio,6.3,-0.2,bajo,1.29,-0.35,bajo
2005-10,5.28,0.27,subio,0.23,-0.2,bajo,6.0,-0.3,bajo,0.72,-0.57,bajo
2005-11,5.09,-0.19,bajo,0.11,-0.12,bajo,6.0,0.0,igual,0.91,0.19,subio
2005-12,4.84,-0.25,bajo,0.07,-0.04,bajo,6.0,0.0,igual,1.16,0.25,subio
2006-01,4.55,-0.29,bajo,0.54,0.47,subio,6.0,0.0,igual,1.45,0.29,subio
2006-02,4.19,-0.36,bajo,0.66,0.12,subio,6.0,0.0,igual,1.81,0.36,subio
2006-03,4.12,-0.07,bajo,0.7,0.04,subio,6.0,0.0,igual,1.88,0.07,subio
2006-04,4.11,-0.01,bajo,0.45,-0.25,bajo,6.0,0.0,igual,1.89,0.01,subio
2006-05,4.04,-0.07,bajo,0.33,-0.12,bajo,6.24194,0.2419,subio,2.2019,0.3119,subio
2006-06,3.95,-0.09,bajo,0.3,-0.03,bajo,6.33333,0.0914,subio,2.3833,0.1814,subio
2006-07,4.33,0.38,subio,0.41,0.11,subio,6.5,0.1667,subio,2.17,-0.2133,bajo
2006-08,4.72,0.39,subio,0.39,-0.02,bajo,6.58065,0.0807,subio,1.8607,-0.3093,bajo
2006-09,4.58,-0.14,bajo,0.29,-0.1,bajo,6.75,0.1693,subio,2.17,0.3093,subio
2006-10,4.18,-0.4,bajo,-0.14,-0.43,bajo,7.00806,0.2581,subio,2.8281,0.6581,subio
2006-11,4.31,0.13,subio,0.24,0.38,subio,7.25,0.2419,subio,2.94,0.1119,subio
2006-12,4.48,0.17,subio,0.23,-0.01,bajo,7.3629,0.1129,subio,2.8829,-0.0571,bajo
2007-01,4.71,0.23,subio,0.77,0.54,subio,7.52419,0.1613,subio,2.8142,-0.0687,bajo
2007-02,5.25,0.54,subio,1.17,0.4,subio,7.77679,0.2526,subio,2.5268,-0.2874,bajo
2007-03,5.78,0.53,subio,1.21,0.04,subio,8.04839,0.2716,subio,2.2684,-0.2584,bajo
2007-04,6.26,0.48,subio,0.9,-0.31,bajo,8.25,0.2016,subio,1.99,-0.2784,bajo
2007-05,6.24,-0.02,bajo,0.3,-0.6,bajo,8.57258,0.3226,subio,2.3326,0.3426,subio
2007-06,6.02,-0.22,bajo,0.12,-0.18,bajo,8.85,0.2774,subio,2.83,0.4974,subio
2007-07,5.76,-0.26,bajo,0.17,0.05,subio,9.01613,0.1661,subio,3.2561,0.4261,subio
2007-08,5.22,-0.54,bajo,-0.13,-0.3,bajo,9.25,0.2339,subio,4.03,0.7739,subio
2007-09,5.0,-0.22,bajo,0.08,0.21,subio,9.25,0.0,igual,4.25,0.22,subio
2007-10,5.16,0.16,subio,0.01,-0.07,bajo,9.25,0.0,igual,4.09,-0.16,bajo
2007-11,5.43,0.27,subio,0.47,0.46,subio,9.29167,0.0417,subio,3.8617,-0.2283,bajo
2007-12,5.69,0.26,subio,0.49,0.02,subio,9.5,0.2083,subio,3.81,-0.0517,bajo
2008-01,6.0,0.31,subio,1.06,0.57,subio,9.5,0.0,igual,3.5,-0.31,bajo
2008-02,6.35,0.35,subio,1.51,0.45,subio,9.5431,0.0431,subio,3.1931,-0.3069,bajo
2008-03,5.93,-0.42,bajo,0.81,-0.7,bajo,9.75,0.2069,subio,3.82,0.6269,subio
2008-04,5.73,-0.2,bajo,0.71,-0.1,bajo,9.75,0.0,igual,4.02,0.2,subio
2008-05,6.39,0.66,subio,0.93,0.22,subio,9.75,0.0,igual,3.36,-0.66,bajo
2008-06,7.19,0.8,subio,0.86,-0.07,bajo,9.75,0.0,igual,2.56,-0.8,bajo
2008-07,7.52,0.33,subio,0.48,-0.38,bajo,9.78226,0.0323,subio,2.2623,-0.2977,bajo
2008-08,7.87,0.35,subio,0.19,-0.29,bajo,10.0,0.2177,subio,2.13,-0.1323,bajo
2008-09,7.57,-0.3,bajo,-0.19,-0.38,bajo,10.0,0.0,igual,2.43,0.3,subio
2008-10,7.94,0.37,subio,0.35,0.54,subio,10.0,0.0,igual,2.06,-0.37,bajo
2008-11,7.72,-0.22,bajo,0.28,-0.07,bajo,10.0,0.0,igual,2.28,0.22,subio
2008-12,7.68,-0.04,bajo,0.44,0.16,subio,9.83871,-0.1613,bajo,2.1587,-0.1213,bajo
2009-01,7.17,-0.51,bajo,0.59,0.15,subio,9.5,-0.3387,bajo,2.33,0.1713,subio
2009-02,6.47,-0.7,bajo,0.84,0.25,subio,9.01786,-0.4821,bajo,2.5479,0.2179,subio
2009-03,6.13,-0.34,bajo,0.5,-0.34,bajo,7.77419,-1.2437,bajo,1.6442,-0.9037,bajo
2009-04,5.73,-0.4,bajo,0.32,-0.18,bajo,7.0,-0.7742,bajo,1.27,-0.3742,bajo
2009-05,4.77,-0.96,bajo,0.01,-0.31,bajo,6.09677,-0.9032,bajo,1.3268,0.0568,subio
2009-06,3.81,-0.96,bajo,-0.06,-0.07,bajo,4.86667,-1.2301,bajo,1.0567,-0.2701,bajo
2009-07,3.27,-0.54,bajo,-0.04,0.02,subio,4.5,-0.3667,bajo,1.23,0.1733,subio
2009-08,3.12,-0.15,bajo,0.04,0.08,subio,4.5,0.0,igual,1.38,0.15,subio
2009-09,3.21,0.09,subio,-0.11,-0.15,bajo,4.45,-0.05,bajo,1.24,-0.14,bajo
2009-10,2.73,-0.48,bajo,-0.13,-0.02,bajo,4.0,-0.45,bajo,1.27,0.03,subio
2009-11,2.37,-0.36,bajo,-0.07,0.06,subio,3.88333,-0.1167,bajo,1.5133,0.2433,subio
2009-12,2.01,-0.36,bajo,0.08,0.15,subio,3.5,-0.3833,bajo,1.49,-0.0233,bajo
2010-01,2.11,0.1,subio,0.69,0.61,subio,3.5,0.0,igual,1.39,-0.1,bajo
2010-02,2.09,-0.02,bajo,0.83,0.14,subio,3.5,0.0,igual,1.41,0.02,subio
2010-03,1.84,-0.25,bajo,0.25,-0.58,bajo,3.5,0.0,igual,1.66,0.25,subio
2010-04,1.98,0.14,subio,0.46,0.21,subio,3.5,0.0,igual,1.52,-0.14,bajo
2010-05,2.07,0.09,subio,0.1,-0.36,bajo,3.03226,-0.4677,bajo,0.9623,-0.5577,bajo
2010-06,2.24,0.17,subio,0.11,0.01,subio,3.0,-0.0323,bajo,0.76,-0.2023,bajo
2010-07,2.24,0.0,igual,-0.04,-0.15,bajo,3.0,0.0,igual,0.76,0.0,igual
2010-08,2.31,0.07,subio,0.11,0.15,subio,3.0,0.0,igual,0.69,-0.07,bajo
2010-09,2.27,-0.04,bajo,-0.14,-0.25,bajo,3.0,0.0,igual,0.73,0.04,subio
2010-10,2.32,0.05,subio,-0.09,0.05,subio,3.0,0.0,igual,0.68,-0.05,bajo
2010-11,2.59,0.27,subio,0.19,0.28,subio,3.0,0.0,igual,0.41,-0.27,bajo
2010-12,3.16,0.57,subio,0.65,0.46,subio,3.0,0.0,igual,-0.16,-0.57,bajo
2011-01,3.39,0.23,subio,0.91,0.26,subio,3.0,0.0,igual,-0.39,-0.23,bajo
2011-02,3.17,-0.22,bajo,0.6,-0.31,bajo,3.00893,0.0089,subio,-0.1611,0.2289,subio
2011-03,3.19,0.02,subio,0.27,-0.33,bajo,3.33065,0.3217,subio,0.1406,0.3017,subio
2011-04,2.84,-0.35,bajo,0.12,-0.15,bajo,3.5,0.1694,subio,0.66,0.5194,subio
2011-05,3.02,0.18,subio,0.28,0.16,subio,3.75,0.25,subio,0.73,0.07,subio
2011-06,3.24,0.22,subio,0.32,0.04,subio,4.09167,0.3417,subio,0.8517,0.1217,subio
2011-07,3.43,0.19,subio,0.14,-0.18,bajo,4.25,0.1583,subio,0.82,-0.0317,bajo
2011-08,3.27,-0.16,bajo,-0.03,-0.17,bajo,4.5,0.25,subio,1.23,0.41,subio
2011-09,3.73,0.46,subio,0.31,0.34,subio,4.5,0.0,igual,0.77,-0.46,bajo
2011-10,4.02,0.29,subio,0.19,-0.12,bajo,4.5,0.0,igual,0.48,-0.29,bajo
2011-11,3.96,-0.06,bajo,0.14,-0.05,bajo,4.525,0.025,subio,0.565,0.085,subio
2011-12,3.73,-0.23,bajo,0.42,0.28,subio,4.75,0.225,subio,1.02,0.455,subio
2012-01,3.55,-0.18,bajo,0.73,0.31,subio,4.75806,0.0081,subio,1.2081,0.1881,subio
2012-02,3.55,0.0,igual,0.61,-0.12,bajo,5.02586,0.2678,subio,1.4759,0.2678,subio
2012-03,3.4,-0.15,bajo,0.12,-0.49,bajo,5.25,0.2241,subio,1.85,0.3741,subio
2012-04,3.42,0.02,subio,0.14,0.02,subio,5.25,0.0,igual,1.83,-0.02,bajo
2012-05,3.45,0.03,subio,0.3,0.16,subio,5.25,0.0,igual,1.8,-0.03,bajo
2012-06,3.2,-0.25,bajo,0.08,-0.22,bajo,5.25,0.0,igual,2.05,0.25,subio
2012-07,3.02,-0.18,bajo,-0.02,-0.1,bajo,5.23387,-0.0161,bajo,2.2139,0.1639,subio
2012-08,3.1,0.08,subio,0.04,0.06,subio,4.95968,-0.2742,bajo,1.8597,-0.3542,bajo
2012-09,3.09,-0.01,bajo,0.29,0.25,subio,4.75,-0.2097,bajo,1.66,-0.1997,bajo
2012-10,3.05,-0.04,bajo,0.16,-0.13,bajo,4.75,0.0,igual,1.7,0.04,subio
2012-11,2.78,-0.27,bajo,-0.14,-0.3,bajo,4.70833,-0.0417,bajo,1.9283,0.2283,subio
2012-12,2.44,-0.34,bajo,0.09,0.23,subio,4.43548,-0.2729,bajo,1.9955,0.0672,subio
2013-01,1.99,-0.45,bajo,0.3,0.21,subio,4.22581,-0.2097,bajo,2.2358,0.2403,subio
2013-02,1.83,-0.16,bajo,0.44,0.14,subio,3.96429,-0.2615,bajo,2.1343,-0.1015,bajo
2013-03,1.91,0.08,subio,0.21,-0.23,bajo,3.65323,-0.3111,bajo,1.7432,-0.3911,bajo
2013-04,2.03,0.12,subio,0.25,0.04,subio,3.25,-0.4032,bajo,1.22,-0.5232,bajo
2013-05,2.0,-0.03,bajo,0.28,0.03,subio,3.25,0.0,igual,1.25,0.03,subio
2013-06,2.15,0.15,subio,0.23,-0.05,bajo,3.25,0.0,igual,1.1,-0.15,bajo
2013-07,2.23,0.08,subio,0.04,-0.19,bajo,3.25,0.0,igual,1.02,-0.08,bajo
2013-08,2.28,0.05,subio,0.08,0.04,subio,3.25,0.0,igual,0.97,-0.05,bajo
2013-09,2.27,-0.01,bajo,0.29,0.21,subio,3.25,0.0,igual,0.98,0.01,subio
2013-10,1.84,-0.43,bajo,-0.26,-0.55,bajo,3.25,0.0,igual,1.41,0.43,subio
2013-11,1.76,-0.08,bajo,-0.22,0.04,subio,3.25,0.0,igual,1.49,0.08,subio
2013-12,1.93,0.17,subio,0.26,0.48,subio,3.25,0.0,igual,1.32,-0.17,bajo
2014-01,2.13,0.2,subio,0.49,0.23,subio,3.25,0.0,igual,1.12,-0.2,bajo
2014-02,2.31,0.18,subio,0.63,0.14,subio,3.25,0.0,igual,0.94,-0.18,bajo
2014-03,2.51,0.2,subio,0.39,-0.24,bajo,3.25,0.0,igual,0.74,-0.2,bajo
2014-04,2.72,0.21,subio,0.46,0.07,subio,3.275,0.025,subio,0.555,-0.185,bajo
2014-05,2.93,0.21,subio,0.48,0.02,subio,3.5,0.225,subio,0.57,0.015,subio
2014-06,2.8,-0.13,bajo,0.09,-0.39,bajo,3.79167,0.2917,subio,0.9917,0.4217,subio
2014-07,2.9,0.1,subio,0.15,0.06,subio,4.0,0.2083,subio,1.1,0.1083,subio
2014-08,3.02,0.12,subio,0.2,0.05,subio,4.25,0.25,subio,1.23,0.13,subio
2014-09,2.86,-0.16,bajo,0.14,-0.06,bajo,4.5,0.25,subio,1.64,0.41,subio
2014-10,3.29,0.43,subio,0.16,0.02,subio,4.5,0.0,igual,1.21,-0.43,bajo
2014-11,3.65,0.36,subio,0.13,-0.03,bajo,4.5,0.0,igual,0.85,-0.36,bajo
2014-12,3.66,0.01,subio,0.27,0.14,subio,4.5,0.0,igual,0.84,-0.01,bajo
2015-01,3.81,0.15,subio,0.64,0.37,subio,4.5,0.0,igual,0.69,-0.15,bajo
2015-02,4.36,0.55,subio,1.15,0.51,subio,4.5,0.0,igual,0.14,-0.55,bajo
2015-03,4.56,0.2,subio,0.59,-0.56,bajo,4.5,0.0,igual,-0.06,-0.2,bajo
2015-04,4.63,0.07,subio,0.54,-0.05,bajo,4.5,0.0,igual,-0.13,-0.07,bajo
2015-05,4.4,-0.23,bajo,0.26,-0.28,bajo,4.5,0.0,igual,0.1,0.23,subio
2015-06,4.41,0.01,subio,0.1,-0.16,bajo,4.5,0.0,igual,0.09,-0.01,bajo
2015-07,4.45,0.04,subio,0.19,0.09,subio,4.5,0.0,igual,0.05,-0.04,bajo
2015-08,4.74,0.29,subio,0.48,0.29,subio,4.5,0.0,igual,-0.24,-0.29,bajo
2015-09,5.34,0.6,subio,0.72,0.24,subio,4.525,0.025,subio,-0.815,-0.575,bajo
2015-10,5.89,0.55,subio,0.68,-0.04,bajo,4.75,0.225,subio,-1.14,-0.325,bajo
2015-11,6.4,0.51,subio,0.6,-0.08,bajo,5.225,0.475,subio,-1.175,-0.035,bajo
2015-12,6.77,0.37,subio,0.62,0.02,subio,5.58871,0.3637,subio,-1.1813,-0.0063,bajo
2016-01,7.46,0.69,subio,1.29,0.67,subio,5.75,0.1613,subio,-1.71,-0.5287,bajo
2016-02,7.59,0.13,subio,1.28,-0.01,bajo,6.06897,0.319,subio,-1.521,0.189,subio
2016-03,7.97,0.38,subio,0.94,-0.34,bajo,6.33065,0.2617,subio,-1.6393,-0.1183,bajo
2016-04,7.93,-0.04,bajo,0.5,-0.44,bajo,6.5,0.1693,subio,-1.43,0.2093,subio
2016-05,8.2,0.27,subio,0.51,0.01,subio,6.99194,0.4919,subio,-1.2081,0.2219,subio
2016-06,8.6,0.4,subio,0.48,-0.03,bajo,7.31667,0.3247,subio,-1.2833,-0.0752,bajo
2016-07,8.96,0.36,subio,0.52,0.04,subio,7.5,0.1833,subio,-1.46,-0.1767,bajo
2016-08,8.1,-0.86,bajo,-0.32,-0.84,bajo,7.75,0.25,subio,-0.35,1.11,subio
2016-09,7.28,-0.82,bajo,-0.05,0.27,subio,7.75,0.0,igual,0.47,0.82,subio
2016-10,6.48,-0.8,bajo,-0.06,-0.01,bajo,7.75,0.0,igual,1.27,0.8,subio
2016-11,5.97,-0.51,bajo,0.11,0.17,subio,7.75,0.0,igual,1.78,0.51,subio
2016-12,5.75,-0.22,bajo,0.42,0.31,subio,7.64516,-0.1048,bajo,1.8952,0.1152,subio
2017-01,5.47,-0.28,bajo,1.02,0.6,subio,7.5,-0.1452,bajo,2.03,0.1348,subio
2017-02,5.18,-0.29,bajo,1.01,-0.01,bajo,7.48214,-0.0179,bajo,2.3021,0.2721,subio
2017-03,4.69,-0.49,bajo,0.47,-0.54,bajo,7.20968,-0.2725,bajo,2.5197,0.2176,subio
2017-04,4.67,-0.02,bajo,0.47,0.0,igual,7.0,-0.2097,bajo,2.33,-0.1897,bajo
2017-05,4.36,-0.31,bajo,0.23,-0.24,bajo,6.5,-0.5,bajo,2.14,-0.19,bajo
2017-06,3.99,-0.37,bajo,0.11,-0.12,bajo,6.25,-0.25,bajo,2.26,0.12,subio
2017-07,3.4,-0.59,bajo,-0.05,-0.16,bajo,5.76613,-0.4839,bajo,2.3661,0.1061,subio
2017-08,3.87,0.47,subio,0.14,0.19,subio,5.5,-0.2661,bajo,1.63,-0.7361,bajo
2017-09,3.97,0.1,subio,0.04,-0.1,bajo,5.25,-0.25,bajo,1.28,-0.35,bajo
2017-10,4.05,0.08,subio,0.02,-0.02,bajo,5.23387,-0.0161,bajo,1.1839,-0.0961,bajo
2017-11,4.12,0.07,subio,0.18,0.16,subio,4.96667,-0.2672,bajo,0.8467,-0.3372,bajo
2017-12,4.09,-0.03,bajo,0.38,0.2,subio,4.75,-0.2167,bajo,0.66,-0.1867,bajo
2018-01,3.68,-0.41,bajo,0.63,0.25,subio,4.73387,-0.0161,bajo,1.0539,0.3939,subio
2018-02,3.38,-0.3,bajo,0.71,0.08,subio,4.5,-0.2339,bajo,1.12,0.0661,subio
2018-03,3.13,-0.25,bajo,0.24,-0.47,bajo,4.5,0.0,igual,1.37,0.25,subio
2018-04,3.13,0.0,igual,0.46,0.22,subio,4.49167,-0.0083,bajo,1.3617,-0.0083,bajo
2018-05,3.16,0.03,subio,0.25,-0.21,bajo,4.25,-0.2417,bajo,1.09,-0.2717,bajo
2018-06,3.2,0.04,subio,0.15,-0.1,bajo,4.25,0.0,igual,1.05,-0.04,bajo
2018-07,3.12,-0.08,bajo,-0.13,-0.28,bajo,4.25,0.0,igual,1.13,0.08,subio
2018-08,3.09,-0.03,bajo,0.12,0.25,subio,4.25,0.0,igual,1.16,0.03,subio
2018-09,3.23,0.14,subio,0.16,0.04,subio,4.25,0.0,igual,1.02,-0.14,bajo
2018-10,3.34,0.11,subio,0.12,-0.04,bajo,4.25,0.0,igual,0.91,-0.11,bajo
2018-11,3.26,-0.08,bajo,0.12,0.0,igual,4.25,0.0,igual,0.99,0.08,subio
2018-12,3.18,-0.08,bajo,0.3,0.18,subio,4.25,0.0,igual,1.07,0.08,subio
2019-01,3.15,-0.03,bajo,0.6,0.3,subio,4.25,0.0,igual,1.1,0.03,subio
2019-02,3.01,-0.14,bajo,0.57,-0.03,bajo,4.25,0.0,igual,1.24,0.14,subio
2019-03,3.22,0.21,subio,0.43,-0.14,bajo,4.25,0.0,igual,1.03,-0.21,bajo
2019-04,3.25,0.03,subio,0.5,0.07,subio,4.25,0.0,igual,1.0,-0.03,bajo
2019-05,3.31,0.06,subio,0.31,-0.19,bajo,4.25,0.0,igual,0.94,-0.06,bajo
2019-06,3.42,0.11,subio,0.27,-0.04,bajo,4.25,0.0,igual,0.83,-0.11,bajo
2019-07,3.79,0.37,subio,0.22,-0.05,bajo,4.25,0.0,igual,0.46,-0.37,bajo
2019-08,3.76,-0.03,bajo,0.09,-0.13,bajo,4.25,0.0,igual,0.49,0.03,subio
2019-09,3.81,0.05,subio,0.23,0.14,subio,4.25,0.0,igual,0.44,-0.05,bajo
2019-10,3.86,0.05,subio,0.16,-0.07,bajo,4.25,0.0,igual,0.39,-0.05,bajo
2019-11,3.85,-0.01,bajo,0.1,-0.06,bajo,4.25,0.0,igual,0.4,0.01,subio
2019-12,3.8,-0.05,bajo,0.26,0.16,subio,4.25,0.0,igual,0.45,0.05,subio
2020-01,3.62,-0.18,bajo,0.42,0.16,subio,4.25,0.0,igual,0.63,0.18,subio
2020-02,3.72,0.1,subio,0.67,0.25,subio,4.25,0.0,igual,0.53,-0.1,bajo
2020-03,3.85,0.13,subio,0.57,-0.1,bajo,4.21774,-0.0323,bajo,0.3677,-0.1623,bajo
2020-04,3.51,-0.34,bajo,0.16,-0.41,bajo,3.75,-0.4677,bajo,0.24,-0.1277,bajo
2020-05,2.85,-0.66,bajo,-0.32,-0.48,bajo,3.29839,-0.4516,bajo,0.4484,0.2084,subio
2020-06,2.2,-0.65,bajo,-0.38,-0.06,bajo,2.75,-0.5484,bajo,0.55,0.1016,subio
2020-07,1.97,-0.23,bajo,0.0,0.38,subio,2.5,-0.25,bajo,0.53,-0.02,bajo
2020-08,1.87,-0.1,bajo,-0.01,-0.01,bajo,2.26613,-0.2339,bajo,0.3961,-0.1339,bajo
2020-09,1.97,0.1,subio,0.32,0.33,subio,1.975,-0.2911,bajo,0.005,-0.3911,bajo
2020-10,1.74,-0.23,bajo,-0.06,-0.38,bajo,1.75,-0.225,bajo,0.01,0.005,subio
2020-11,1.49,-0.25,bajo,-0.15,-0.09,bajo,1.75,0.0,igual,0.26,0.25,subio
2020-12,1.62,0.13,subio,0.38,0.53,subio,1.75,0.0,igual,0.13,-0.13,bajo
2021-01,1.6,-0.02,bajo,0.41,0.03,subio,1.75,0.0,igual,0.15,0.02,subio
2021-02,1.56,-0.04,bajo,0.64,0.23,subio,1.75,0.0,igual,0.19,0.04,subio
2021-03,1.51,-0.05,bajo,0.51,-0.13,bajo,1.75,0.0,igual,0.24,0.05,subio
2021-04,1.95,0.44,subio,0.59,0.08,subio,1.75,0.0,igual,-0.2,-0.44,bajo
2021-05,3.3,1.35,subio,1.0,0.41,subio,1.75,0.0,igual,-1.55,-1.35,bajo
2021-06,3.63,0.33,subio,-0.05,-1.05,bajo,1.75,0.0,igual,-1.88,-0.33,bajo
2021-07,3.97,0.34,subio,0.32,0.37,subio,1.75,0.0,igual,-2.22,-0.34,bajo
2021-08,4.44,0.47,subio,0.45,0.13,subio,1.75,0.0,igual,-2.69,-0.47,bajo
2021-09,4.51,0.07,subio,0.38,-0.07,bajo,1.75,0.0,igual,-2.76,-0.07,bajo
2021-10,4.59,0.08,subio,0.01,-0.37,bajo,2.0,0.25,subio,-2.59,0.17,subio
2021-11,5.25,0.66,subio,0.5,0.49,subio,2.48333,0.4833,subio,-2.7667,-0.1767,bajo
2021-12,5.62,0.37,subio,0.73,0.23,subio,2.69355,0.2102,subio,-2.9264,-0.1597,bajo
2022-01,6.94,1.32,subio,1.67,0.94,subio,3.03226,0.3387,subio,-3.9077,-0.9813,bajo
2022-02,8.0,1.06,subio,1.63,-0.04,bajo,4.0,0.9677,subio,-4.0,-0.0923,bajo
2022-03,8.53,0.53,subio,1.0,-0.63,bajo,4.0,0.0,igual,-4.53,-0.53,bajo
2022-04,9.23,0.7,subio,1.25,0.25,subio,5.0,1.0,subio,-4.23,0.3,subio
2022-05,9.06,-0.17,bajo,0.84,-0.41,bajo,5.96774,0.9677,subio,-3.0923,1.1377,subio
2022-06,9.68,0.62,subio,0.51,-0.33,bajo,6.0,0.0323,subio,-3.68,-0.5877,bajo
2022-07,10.2,0.52,subio,0.81,0.3,subio,7.5,1.5,subio,-2.7,0.98,subio
2022-08,10.84,0.64,subio,1.02,0.21,subio,9.0,1.5,subio,-1.84,0.86,subio
2022-09,11.44,0.6,subio,0.93,-0.09,bajo,9.03333,0.0333,subio,-2.4067,-0.5667,bajo
2022-10,12.22,0.78,subio,0.72,-0.21,bajo,10.0323,0.999,subio,-2.1877,0.219,subio
2022-11,12.53,0.31,subio,0.77,0.05,subio,11.0,0.9677,subio,-1.53,0.6577,subio
2022-12,13.12,0.59,subio,1.26,0.49,subio,11.4194,0.4194,subio,-1.7006,-0.1706,bajo
2023-01,13.25,0.13,subio,1.78,0.52,subio,12.0484,0.629,subio,-1.2016,0.499,subio
2023-02,13.28,0.03,subio,1.66,-0.12,bajo,12.75,0.7016,subio,-0.53,0.6716,subio
2023-03,13.34,0.06,subio,1.05,-0.61,bajo,12.7581,0.0081,subio,-0.5819,-0.0519,bajo
2023-04,12.82,-0.52,bajo,0.78,-0.27,bajo,13.0,0.2419,subio,0.18,0.7619,subio
2023-05,12.37,-0.45,bajo,0.43,-0.35,bajo,13.2419,0.2419,subio,0.8719,0.6919,subio
2023-06,12.13,-0.24,bajo,0.3,-0.13,bajo,13.25,0.0081,subio,1.12,0.2481,subio
2023-07,11.79,-0.34,bajo,0.5,0.2,subio,13.25,0.0,igual,1.46,0.34,subio
2023-08,11.43,-0.36,bajo,0.7,0.2,subio,13.25,0.0,igual,1.82,0.36,subio
2023-09,10.99,-0.44,bajo,0.54,-0.16,bajo,13.25,0.0,igual,2.26,0.44,subio
2023-10,10.48,-0.51,bajo,0.25,-0.29,bajo,13.25,0.0,igual,2.77,0.51,subio
2023-11,10.15,-0.33,bajo,0.47,0.22,subio,13.25,0.0,igual,3.1,0.33,subio
2023-12,9.28,-0.87,bajo,0.45,-0.02,bajo,13.1532,-0.0968,bajo,3.8732,0.7732,subio
2024-01,8.35,-0.93,bajo,0.92,0.47,subio,13.0,-0.1532,bajo,4.65,0.7768,subio
2024-02,7.74,-0.61,bajo,1.09,0.17,subio,12.75,-0.25,bajo,5.01,0.36,subio
2024-03,7.37,-0.37,bajo,0.7,-0.39,bajo,12.6532,-0.0968,bajo,5.2832,0.2732,subio
2024-04,7.17,-0.2,bajo,0.59,-0.11,bajo,12.25,-0.4032,bajo,5.08,-0.2032,bajo
2024-05,7.15,-0.02,bajo,0.43,-0.16,bajo,11.7661,-0.4839,bajo,4.6161,-0.4639,bajo
2024-06,7.18,0.03,subio,0.32,-0.11,bajo,11.75,-0.0161,bajo,4.57,-0.0461,bajo
2024-07,6.86,-0.32,bajo,0.2,-0.12,bajo,11.2661,-0.4839,bajo,4.4061,-0.1639,bajo
2024-08,6.12,-0.74,bajo,0.0,-0.2,bajo,10.75,-0.5161,bajo,4.63,0.2239,subio
2024-09,5.81,-0.31,bajo,0.24,0.24,subio,10.75,0.0,igual,4.94,0.31,subio
2024-10,5.41,-0.4,bajo,-0.13,-0.37,bajo,10.25,-0.5,bajo,4.84,-0.1,bajo
2024-11,5.2,-0.21,bajo,0.27,0.4,subio,9.75,-0.5,bajo,4.55,-0.29,bajo
2024-12,5.2,0.0,igual,0.46,0.19,subio,9.67742,-0.0726,bajo,4.4774,-0.0726,bajo
2025-01,5.22,0.02,subio,0.94,0.48,subio,9.5,-0.1774,bajo,4.28,-0.1974,bajo
2025-02,5.27,0.05,subio,1.14,0.2,subio,9.5,0.0,igual,4.23,-0.05,bajo
2025-03,5.09,-0.18,bajo,0.52,-0.62,bajo,9.5,0.0,igual,4.41,0.18,subio
2025-04,5.16,0.07,subio,0.66,0.14,subio,9.5,0.0,igual,4.34,-0.07,bajo
2025-05,5.05,-0.11,bajo,0.32,-0.34,bajo,9.25806,-0.2419,bajo,4.2081,-0.1319,bajo
2025-06,4.83,-0.22,bajo,0.1,-0.22,bajo,9.25,-0.0081,bajo,4.42,0.2119,subio
2025-07,4.9,0.07,subio,0.28,0.18,subio,9.25,0.0,igual,4.35,-0.07,bajo
2025-08,5.1,0.2,subio,0.19,-0.09,bajo,9.25,0.0,igual,4.15,-0.2,bajo
2025-09,5.18,0.08,subio,0.32,0.13,subio,9.25,0.0,igual,4.07,-0.08,bajo
2025-10,5.51,0.33,subio,0.18,-0.14,bajo,9.25,0.0,igual,3.74,-0.33,bajo
2025-11,5.3,-0.21,bajo,0.07,-0.11,bajo,9.25,0.0,igual,3.95,0.21,subio
2025-12,5.1,-0.2,bajo,0.27,0.2,subio,9.25,0.0,igual,4.15,0.2,subio
2026-01,5.35,0.25,subio,1.18,0.91,subio,9.25,0.0,igual,3.9,-0.25,bajo
2026-02,5.29,-0.06,bajo,1.08,-0.1,bajo,10.2143,0.9643,subio,4.9243,1.0243,subio
2026-03,5.56,0.27,subio,0.78,-0.3,bajo,10.25,0.0357,subio,4.69,-0.2343,bajo
