periodo,inflacion_mensual,inflacion_anual
2003-01,1.17,
2003-02,1.11,
2003-03,1.05,
2003-04,1.15,
2003-05,0.49,
2003-06,-0.05,
2003-07,-0.14,
2003-08,0.31,
2003-09,0.22,
2003-10,0.06,
2003-11,0.35,
2003-12,0.61,
2004-01,0.89,6.19
2004-02,1.2,6.28
2004-03,0.98,6.21
2004-04,0.46,5.49
2004-05,0.38,5.37
2004-06,0.6,6.08
2004-07,-0.03,6.18
2004-08,0.03,5.89
2004-09,0.3,5.98
2004-10,-0.01,5.9
2004-11,0.28,5.82
2004-12,0.3,5.5
2005-01,0.82,5.44
2005-02,1.02,5.24
2005-03,0.77,5.03
2005-04,0.44,5.02
2005-05,0.41,5.04
2005-06,0.4,4.81
2005-07,0.05,4.9
2005-08,0.0,4.86
2005-09,0.43,5.01
2005-10,0.23,5.28
2005-11,0.11,5.09
2005-12,0.07,4.84
2006-01,0.54,4.55
2006-02,0.66,4.19
2006-03,0.7,4.12
2006-04,0.45,4.11
2006-05,0.33,4.04
2006-06,0.3,3.95
2006-07,0.41,4.33
2006-08,0.39,4.72
2006-09,0.29,4.58
2006-10,-0.14,4.18
2006-11,0.24,4.31
2006-12,0.23,4.48
2007-01,0.77,4.71
2007-02,1.17,5.25
2007-03,1.21,5.78
2007-04,0.9,6.26
2007-05,0.3,6.24
2007-06,0.12,6.02
2007-07,0.17,5.76
2007-08,-0.13,5.22
2007-09,0.08,5.0
2007-10,0.01,5.16
2007-11,0.47,5.43
2007-12,0.49,5.69
2008-01,1.06,6.0
2008-02,1.51,6.35
2008-03,0.81,5.93
2008-04,0.71,5.73
2008-05,0.93,6.39
2008-06,0.86,7.19
2008-07,0.48,7.52
2008-08,0.19,7.87
2008-09,-0.19,7.57
2008-10,0.35,7.94
2008-11,0.28,7.72
2008-12,0.44,7.68
2009-01,0.59,7.17
2009-02,0.84,6.47
2009-03,0.5,6.13
2009-04,0.32,5.73
2009-05,0.01,4.77
2009-06,-0.06,3.81
2009-07,-0.04,3.27
2009-08,0.04,3.12
2009-09,-0.11,3.21
2009-10,-0.13,2.73
2009-11,-0.07,2.37
2009-12,0.08,2.01
2010-01,0.69,2.11
2010-02,0.83,2.09
2010-03,0.25,1.84
2010-04,0.46,1.98
2010-05,0.1,2.07
2010-06,0.11,2.24
2010-07,-0.04,2.24
2010-08,0.11,2.31
2010-09,-0.14,2.27
2010-10,-0.09,2.32
2010-11,0.19,2.59
2010-12,0.65,3.16
2011-01,0.91,3.39
2011-02,0.6,3.17
2011-03,0.27,3.19
2011-04,0.12,2.84
2011-05,0.28,3.02
2011-06,0.32,3.24
2011-07,0.14,3.43
2011-08,-0.03,3.27
2011-09,0.31,3.73
2011-10,0.19,4.02
2011-11,0.14,3.96
2011-12,0.42,3.73
2012-01,0.73,3.55
2012-02,0.61,3.55
2012-03,0.12,3.4
2012-04,0.14,3.42
2012-05,0.3,3.45
2012-06,0.08,3.2
2012-07,-0.02,3.02
2012-08,0.04,3.1
2012-09,0.29,3.09
2012-10,0.16,3.05
2012-11,-0.14,2.78
2012-12,0.09,2.44
2013-01,0.3,1.99
2013-02,0.44,1.83
2013-03,0.21,1.91
2013-04,0.25,2.03
2013-05,0.28,2.0
2013-06,0.23,2.15
2013-07,0.04,2.23
2013-08,0.08,2.28
2013-09,0.29,2.27
2013-10,-0.26,1.84
2013-11,-0.22,1.76
2013-12,0.26,1.93
2014-01,0.49,2.13
2014-02,0.63,2.31
2014-03,0.39,2.51
2014-04,0.46,2.72
2014-05,0.48,2.93
2014-06,0.09,2.8
2014-07,0.15,2.9
2014-08,0.2,3.02
2014-09,0.14,2.86
2014-10,0.16,3.29
2014-11,0.13,3.65
2014-12,0.27,3.66
2015-01,0.64,3.81
2015-02,1.15,4.36
2015-03,0.59,4.56
2015-04,0.54,4.63
2015-05,0.26,4.4
2015-06,0.1,4.41
2015-07,0.19,4.45
2015-08,0.48,4.74
2015-09,0.72,5.34
2015-10,0.68,5.89
2015-11,0.6,6.4
2015-12,0.62,6.77
2016-01,1.29,7.46
2016-02,1.28,7.59
2016-03,0.94,7.97
2016-04,0.5,7.93
2016-05,0.51,8.2
2016-06,0.48,8.6
2016-07,0.52,8.96
2016-08,-0.32,8.1
2016-09,-0.05,7.28
2016-10,-0.06,6.48
2016-11,0.11,5.97
2016-12,0.42,5.75
2017-01,1.02,5.47
2017-02,1.01,5.18
2017-03,0.47,4.69
2017-04,0.47,4.67
2017-05,0.23,4.36
2017-06,0.11,3.99
2017-07,-0.05,3.4
2017-08,0.14,3.87
2017-09,0.04,3.97
2017-10,0.02,4.05
2017-11,0.18,4.12
2017-12,0.38,4.09
2018-01,0.63,3.68
2018-02,0.71,3.38
2018-03,0.24,3.13
2018-04,0.46,3.13
2018-05,0.25,3.16
2018-06,0.15,3.2
2018-07,-0.13,3.12
2018-08,0.12,3.09
2018-09,0.16,3.23
2018-10,0.12,3.34
2018-11,0.12,3.26
2018-12,0.3,3.18
2019-01,0.6,3.15
2019-02,0.57,3.01
2019-03,0.43,3.22
2019-04,0.5,3.25
2019-05,0.31,3.31
2019-06,0.27,3.42
2019-07,0.22,3.79
2019-08,0.09,3.76
2019-09,0.23,3.81
2019-10,0.16,3.86
2019-11,0.1,3.85
2019-12,0.26,3.8
2020-01,0.42,3.62
2020-02,0.67,3.72
2020-03,0.57,3.85
2020-04,0.16,3.51
2020-05,-0.32,2.85
2020-06,-0.38,2.2
2020-07,0.0,1.97
2020-08,-0.01,1.87
2020-09,0.32,1.97
2020-10,-0.06,1.74
2020-11,-0.15,1.49
2020-12,0.38,1.62
2021-01,0.41,1.6
2021-02,0.64,1.56
2021-03,0.51,1.51
2021-04,0.59,1.95
2021-05,1.0,3.3
2021-06,-0.05,3.63
2021-07,0.32,3.97
2021-08,0.45,4.44
2021-09,0.38,4.51
2021-10,0.01,4.59
2021-11,0.5,5.25
2021-12,0.73,5.62
2022-01,1.67,6.94
2022-02,1.63,8.0
2022-03,1.0,8.53
2022-04,1.25,9.23
2022-05,0.84,9.06
2022-06,0.51,9.68
2022-07,0.81,10.2
2022-08,1.02,10.84
2022-09,0.93,11.44
2022-10,0.72,12.22
2022-11,0.77,12.53
2022-12,1.26,13.12
2023-01,1.78,13.25
2023-02,1.66,13.28
2023-03,1.05,13.34
2023-04,0.78,12.82
2023-05,0.43,12.37
2023-06,0.3,12.13
2023-07,0.5,11.79
2023-08,0.7,11.43
2023-09,0.54,10.99
2023-10,0.25,10.48
2023-11,0.47,10.15
2023-12,0.45,9.28
2024-01,0.92,8.35
2024-02,1.09,7.74
2024-03,0.7,7.37
2024-04,0.59,7.17
2024-05,0.43,7.15
2024-06,0.32,7.18
2024-07,0.2,6.86
2024-08,0.0,6.12
2024-09,0.24,5.81
2024-10,-0.13,5.41
2024-11,0.27,5.2
2024-12,0.46,5.2
2025-01,0.94,5.22
2025-02,1.14,5.27
2025-03,0.52,5.09
2025-04,0.66,5.16
2025-05,0.32,5.05
2025-06,0.1,4.83
2025-07,0.28,4.9
2025-08,0.19,5.1
2025-09,0.32,5.18
2025-10,0.18,5.51
2025-11,0.07,5.3
2025-12,0.27,5.1
2026-01,1.18,5.35
2026-02,1.08,5.29
2026-03,0.78,5.56
2026-04,0.78,5.69
2026-05,0.47,5.84
2026-06,0.39,6.14
