cod_depto,nombre_depto,cod_mpio,nombre_mpio,mesas_informadas_pct,votos_abelardo,votos_cepeda,votos_blanco,votos_nulos,tarjetones_no_marcados
01,ANTIOQUIA,01004,ABEJORRAL,100%,7216,1407,151,59,46
25,NORTE DE SAN,25004,ABREGO,100%,12862,2757,151,64,32
01,ANTIOQUIA,01007,ABRIAQUI,100%,1011,170,20,9,4
52,META,52005,ACACIAS,100%,35790,21726,1034,1439,49
17,CHOCO,17004,ACANDI,100%,2537,2554,62,28,17
19,HUILA,19004,ACEVEDO,100%,11759,2963,198,95,16
05,BOLIVAR,05004,ACHI,100%,7061,2866,65,28,22
19,HUILA,19007,AGRADO,100%,3941,1419,67,35,3
15,CUNDINAMARCA,15004,AGUA DE DIOS,100%,3392,2924,78,71,5
27,SANTANDER,27004,AGUADA,100%,858,144,11,4,2
12,CESAR,12075,AGUACHICA,100%,31013,17595,653,527,47
09,CALDAS,09004,AGUADAS,100%,9417,2232,182,150,35
46,CASANARE,46040,AGUAZUL,100%,14040,7166,375,386,33
12,CESAR,12150,AGUSTIN CODAZZI,100%,12009,17897,309,220,59
19,HUILA,19010,AIPE,100%,6347,3794,137,92,19
15,CUNDINAMARCA,15007,ALBAN,100%,2477,1188,53,66,6
23,NARIÑO,23004,ALBAN (SAN JOSE),100%,2820,2322,95,66,8
27,SANTANDER,27007,ALBANIA,100%,1782,486,17,12,5
44,CAQUETA,44002,ALBANIA,100%,1774,954,62,37,10
48,LA GUAJIRA,48002,ALBANIA,100%,2924,8913,70,103,34
31,VALLE,31004,ALCALA,100%,3737,3132,109,119,26
23,NARIÑO,23007,ALDANA,100%,1304,3495,26,43,6
01,ANTIOQUIA,01010,ALEJANDRIA,100%,2450,504,43,16,11
88,CONSULADOS,88120,ALEMANIA,100%,3957,7900,290,18,0
21,MAGDALENA,21008,ALGARROBO,100%,1357,4539,45,26,11
19,HUILA,19013,ALGECIRAS,100%,8319,4749,503,320,95
11,CAUCA,11004,ALMAGUER,100%,413,9035,174,109,27
29,TOLIMA,29004,ALPUJARRA,100%,1837,495,27,21,3
07,BOYACA,07007,ALMEIDA,100%,818,315,20,16,3
19,HUILA,19016,ALTAMIRA,100%,1343,949,33,11,1
17,CHOCO,17006,ALTO BAUDO (PIE DE PATO),100%,208,6345,9,9,1
05,BOLIVAR,05006,ALTOS DEL ROSARIO,100%,2556,1478,31,16,8
29,TOLIMA,29007,ALVARADO,100%,3087,2376,57,43,13
01,ANTIOQUIA,01013,AMAGA,100%,8746,5478,253,180,34
01,ANTIOQUIA,01016,AMALFI,100%,6352,2147,350,119,49
29,TOLIMA,29010,AMBALEMA,100%,1927,1931,22,18,5
15,CUNDINAMARCA,15010,ANAPOIMA,100%,6234,2976,122,66,13
23,NARIÑO,23010,ANCUYA,100%,770,4003,41,14,1
31,VALLE,31007,ANDALUCIA,100%,4486,7533,151,87,11
01,ANTIOQUIA,01019,ANDES,100%,15574,3773,323,136,41
01,ANTIOQUIA,01022,ANGELOPOLIS,100%,2365,835,64,48,6
01,ANTIOQUIA,01025,ANGOSTURA,100%,3959,1907,278,277,123
01,ANTIOQUIA,01028,ANORI,100%,2820,3849,365,118,56
15,CUNDINAMARCA,15013,ANOLAIMA,100%,5703,2370,135,65,9
09,CALDAS,09007,ANSERMA,100%,11553,5312,379,352,57
31,VALLE,31010,ANSERMANUEVO,100%,5740,3510,152,98,24
01,ANTIOQUIA,01031,ANTIOQUIA,100%,8535,4482,326,135,46
01,ANTIOQUIA,01034,ANZA,100%,2837,582,63,17,17
01,ANTIOQUIA,01035,APARTADO,100%,19891,41593,1115,350,85
29,TOLIMA,29013,ANZOATEGUI,100%,3419,1208,57,25,17
24,RISARALDA,24008,APIA,100%,4430,1785,125,99,21
07,BOYACA,07008,AQUITANIA (PUEBLOVIEJO),100%,7053,1760,83,62,19
15,CUNDINAMARCA,15217,APULO,100%,3282,1606,52,45,6
21,MAGDALENA,21010,ARACATACA,100%,5256,10482,131,89,18
09,CALDAS,09013,ARANZAZU,100%,4905,1156,143,100,28
27,SANTANDER,27010,ARATOCA,100%,4046,1022,60,33,8
40,ARAUCA,40001,ARAUCA,100%,27887,9519,681,386,75
40,ARAUCA,40010,ARAUQUITA,100%,6388,10195,423,295,47
15,CUNDINAMARCA,15016,ARBELAEZ,100%,4748,2294,99,51,10
23,NARIÑO,23013,ARBOLEDA (BERRUECOS),100%,1539,2366,69,47,5
01,ANTIOQUIA,01037,ARBOLETES,100%,6990,5318,114,57,25
25,NORTE DE SAN,25007,ARBOLEDAS,100%,4736,531,51,22,4
07,BOYACA,07010,ARCABUCO,100%,2388,1259,60,35,6
01,ANTIOQUIA,01039,ARGELIA,100%,3006,444,43,18,7
05,BOLIVAR,05005,ARENAL,100%,1441,2292,41,26,8
11,CAUCA,11005,ARGELIA,100%,1338,15849,274,547,26
31,VALLE,31013,ARGELIA,100%,2186,735,41,31,7
88,CONSULADOS,88130,ARGELIA,100%,2,4,1,0,0
88,CONSULADOS,88155,ARGENTINA,100%,4717,5550,190,21,1
21,MAGDALENA,21012,ARIGUANI (EL DIFICIL),100%,7058,6403,147,105,21
05,BOLIVAR,05007,ARJONA,100%,9366,23546,397,196,47
01,ANTIOQUIA,01040,ARMENIA,100%,1923,544,30,12,12
26,QUINDIO,26001,ARMENIA,100%,102562,68992,3718,1923,183
29,TOLIMA,29016,ARMERO (GUAYABAL),100%,2746,3486,53,76,9
05,BOLIVAR,05009,ARROYO HONDO,100%,3525,1324,41,18,7
12,CESAR,12170,ASTREA,100%,5624,4422,76,33,12
88,CONSULADOS,88160,ARUBA,100%,2822,901,23,5,2
17,CHOCO,17002,ATRATO (YUTO),100%,683,3936,29,51,3
29,TOLIMA,29019,ATACO,100%,6770,1936,103,58,19
88,CONSULADOS,88165,AUSTRALIA,100%,8564,11552,460,26,0
88,CONSULADOS,88170,AUSTRIA,100%,525,1086,45,0,0
13,CORDOBA,13004,AYAPEL,100%,9801,8727,172,109,35
88,CONSULADOS,88135,AZERBAIYAN,100%,9,12,0,0,0
17,CHOCO,17007,BAGADO,100%,423,3461,11,13,4
17,CHOCO,17008,BAHIA SOLANO (MUTIS),100%,930,3860,28,38,6
17,CHOCO,17010,BAJO BAUDO (PIZARRO),100%,475,4491,22,30,9
11,CAUCA,11006,BALBOA,100%,1662,12408,254,499,28
24,RISARALDA,24013,BALBOA,100%,1992,1242,58,59,11
03,ATLANTICO,03004,BARANOA,100%,11462,23514,263,105,31
01,ANTIOQUIA,01043,BARBOSA,100%,15604,9313,669,409,63
23,NARIÑO,23016,BARBACOAS,100%,1632,13026,173,200,40
19,HUILA,19019,BARAYA,100%,2818,1231,57,47,14
27,SANTANDER,27013,BARBOSA,100%,10962,6975,230,159,18
52,META,52006,BARRANCA DE UPIA,100%,2225,1563,54,86,6
27,SANTANDER,27016,BARICHARA,100%,4393,1496,113,26,10
27,SANTANDER,27019,BARRANCABERMEJA,100%,43584,83663,1609,1385,98
48,LA GUAJIRA,48004,BARRANCAS,100%,4620,10839,100,59,8
05,BOLIVAR,05010,BARRANCO DE LOBA,100%,3956,2518,50,15,10
50,GUAINIA,50070,BARRANCOMINAS,100%,194,2294,15,8,7
03,ATLANTICO,03001,BARRANQUILLA,100%,309652,375178,7563,2336,448
12,CESAR,12180,BECERRIL,100%,4109,6965,117,77,15
07,BOYACA,07013,BELEN,100%,3281,1594,87,53,5
09,CALDAS,09022,BELALCAZAR,100%,3564,1976,108,74,32
23,NARIÑO,23017,BELEN,100%,1168,2399,79,57,6
24,RISARALDA,24021,BELEN DE UMBRIA,100%,8634,3889,248,221,47
44,CAQUETA,44004,BELEN DE LOS ANDAQUIES,100%,3058,1859,88,69,13
01,ANTIOQUIA,01046,BELMIRA,100%,2509,516,67,39,13
01,ANTIOQUIA,01049,BELLO,100%,144162,87019,5298,2437,216
88,CONSULADOS,88190,BELGICA,100%,1117,1515,70,4,1
15,CUNDINAMARCA,15019,BELTRAN,100%,851,533,7,9,1
01,ANTIOQUIA,01052,BETANIA,100%,3415,704,67,17,14
07,BOYACA,07016,BERBEO,100%,575,431,14,8,3
01,ANTIOQUIA,01055,BETULIA,100%,5607,858,114,36,22
27,SANTANDER,27022,BETULIA,100%,2276,646,49,25,5
07,BOYACA,07019,BETEITIVA,100%,891,466,16,7,2
15,CUNDINAMARCA,15022,BITUIMA,100%,1327,455,30,9,4
07,BOYACA,07022,BOAVITA,100%,2187,702,27,23,2
25,NORTE DE SAN,25010,BOCHALEMA,100%,4578,770,53,21,11
16,BOGOTA D.C.,16001,BOGOTA. D.C.,100%,1933243,2235514,91516,31445,1523
15,CUNDINAMARCA,15025,BOJACA,100%,2555,3126,99,115,8
17,CHOCO,17011,BOJAYA (BELLAVISTA),100%,277,4002,9,4,0
01,ANTIOQUIA,01058,BOLIVAR,100%,10287,2358,194,92,33
11,CAUCA,11007,BOLIVAR,100%,1554,19406,544,791,77
27,SANTANDER,27025,BOLIVAR,100%,3620,1342,49,26,16
31,VALLE,31016,BOLIVAR,100%,4813,2934,99,73,17
88,CONSULADOS,88215,BOLIVIA,100%,491,146,8,2,0
12,CESAR,12200,BOSCONIA,100%,7603,11165,198,106,29
07,BOYACA,07025,BOYACA,100%,2199,890,28,25,12
88,CONSULADOS,88220,BRASIL,100%,1889,2274,71,5,0
01,ANTIOQUIA,01062,BRICEÑO,100%,1588,761,79,37,22
07,BOYACA,07028,BRICEÑO,100%,1349,257,12,2,7
27,SANTANDER,27001,BUCARAMANGA,100%,229851,117895,6205,2146,151
25,NORTE DE SAN,25013,BUCARASICA,100%,2749,195,24,20,4
31,VALLE,31019,BUENAVENTURA,100%,15849,97881,776,1079,193
07,BOYACA,07031,BUENAVISTA,100%,2780,622,35,19,2
13,CORDOBA,13007,BUENAVISTA,100%,3644,7271,101,42,17
26,QUINDIO,26005,BUENAVISTA,100%,1051,596,29,16,2
28,SUCRE,28010,BUENAVISTA,100%,2850,3162,53,13,9
11,CAUCA,11010,BUENOS AIRES,100%,4316,8688,387,585,102
68,VAUPES,68013,BUENOS AIRES (PACOA),100%,16,561,2,2,1
31,VALLE,31022,BUGA,100%,24328,44607,984,566,83
23,NARIÑO,23019,BUESACO,100%,5661,6449,150,133,26
31,VALLE,31025,BUGALAGRANDE,100%,4034,8893,145,106,14
07,BOYACA,07034,BUSBANZA,100%,546,194,6,6,0
01,ANTIOQUIA,01061,BURITICA,100%,2713,1469,93,31,16
15,CUNDINAMARCA,15029,CABRERA,100%,796,1411,17,13,0
27,SANTANDER,27028,CABRERA,100%,1155,143,14,3,3
52,META,52008,CABUYARO,100%,3078,1361,67,58,8
01,ANTIOQUIA,01064,CACERES,100%,2806,5764,135,66,29
50,GUAINIA,50073,CACAHUAL,100%,16,35,0,0,0
25,NORTE DE SAN,25016,CACOTA,100%,1524,225,23,17,2
25,NORTE DE SAN,25019,CACHIRA,100%,4636,456,34,15,4
15,CUNDINAMARCA,15030,CACHIPAY,100%,4502,2282,91,66,7
01,ANTIOQUIA,01067,CAICEDO,100%,2788,765,77,41,18
31,VALLE,31028,CAICEDONIA,100%,8954,5795,256,257,37
28,SUCRE,28020,CAIMITO,100%,2176,4603,47,17,12
29,TOLIMA,29022,CAJAMARCA,100%,6075,3682,137,162,13
11,CAUCA,11013,CAJIBIO,100%,5898,13051,409,501,143
15,CUNDINAMARCA,15031,CAJICA,100%,31004,21913,1309,507,18
54,GUAVIARE,54003,CALAMAR,100%,1553,2092,82,55,16
05,BOLIVAR,05013,CALAMAR,100%,5847,4619,110,71,27
26,QUINDIO,26010,CALARCA,100%,22596,15386,789,622,63
01,ANTIOQUIA,01070,CALDAS,100%,28848,18478,1247,810,61
11,CAUCA,11016,CALDONO,100%,2492,17364,164,251,30
07,BOYACA,07037,CALDAS,100%,1613,574,35,18,6
31,VALLE,31001,CALI,100%,443047,682166,18494,6838,721
31,VALLE,31040,CALIMA (DARIEN),100%,4486,4802,172,103,15
27,SANTANDER,27031,CALIFORNIA,100%,1074,213,18,9,0
01,ANTIOQUIA,01073,CAMPAMENTO,100%,2227,2136,199,76,79
11,CAUCA,11019,CALOTO,100%,2966,13217,175,192,22
03,ATLANTICO,03007,CAMPO DE LA CRUZ,100%,6764,4448,86,30,10
19,HUILA,19022,CAMPOALEGRE,100%,9747,7282,270,299,21
07,BOYACA,07040,CAMPOHERMOSO,100%,1339,253,23,4,1
88,CONSULADOS,88250,CANADA,100%,26936,15988,1074,37,5
13,CORDOBA,13009,CANALETE,100%,4166,6119,57,26,21
03,ATLANTICO,03010,CANDELARIA,100%,4579,3132,52,33,11
31,VALLE,31031,CANDELARIA,100%,14510,43650,730,546,39
15,CUNDINAMARCA,15034,CAPARRAPI,100%,5516,929,66,36,12
05,BOLIVAR,05014,CANTAGALLO,100%,2041,3271,36,27,8
27,SANTANDER,27034,CAPITANEJO,100%,2538,641,34,11,6
15,CUNDINAMARCA,15037,CAQUEZA,100%,6875,3592,150,110,13
01,ANTIOQUIA,01078,CARACOLI,100%,1658,597,30,21,6
01,ANTIOQUIA,01079,CARAMANTA,100%,2152,576,34,29,11
27,SANTANDER,27037,CARCASI,100%,2058,265,26,7,1
29,TOLIMA,29025,CARMEN DE APICALA,100%,4558,2094,104,71,11
01,ANTIOQUIA,01080,CAREPA,100%,9119,16044,441,202,51
15,CUNDINAMARCA,15040,CARMEN DE CARUPA,100%,3461,996,85,49,7
01,ANTIOQUIA,01082,CARMEN DE VIBORAL,100%,23928,10601,726,354,36
17,CHOCO,17015,CARMEN DEL DARIEN,100%,690,4713,55,82,14
01,ANTIOQUIA,01085,CAROLINA,100%,1883,672,44,26,5
05,BOLIVAR,05001,CARTAGENA,"99,96%",166049,324123,6579,1614,328
44,CAQUETA,44003,CARTAGENA DEL CHAIRA,100%,4948,11527,680,335,148
31,VALLE,31034,CARTAGO,100%,36840,32058,1265,849,127
68,VAUPES,68004,CARURU,100%,107,653,5,3,1
29,TOLIMA,29028,CASABIANCA,100%,2524,760,65,34,16
52,META,52010,CASTILLA LA NUEVA,100%,6012,3835,170,242,3
01,ANTIOQUIA,01088,CAUCASIA,100%,17048,24556,717,422,74
01,ANTIOQUIA,01076,CAÑASGORDAS,100%,6839,1483,115,49,25
13,CORDOBA,13010,CERETE,100%,18705,34007,536,277,39
27,SANTANDER,27040,CEPITA,100%,1278,217,12,5,3
07,BOYACA,07043,CERINZA,100%,1461,1055,55,35,3
27,SANTANDER,27043,CERRITO,100%,3041,622,49,37,8
21,MAGDALENA,21013,CERRO DE SAN ANTONIO,100%,2565,1782,25,17,7
17,CHOCO,17014,CERTEGUI,100%,600,2353,20,24,7
23,NARIÑO,23038,CHACHAGUI,100%,2166,6679,80,55,15
15,CUNDINAMARCA,15052,CHAGUANI,100%,1966,554,19,14,7
28,SUCRE,28045,CHALAN,100%,1501,1580,22,10,11
29,TOLIMA,29040,CHAPARRAL,100%,12940,8392,317,253,47
46,CASANARE,46120,CHAMEZA,100%,972,300,20,8,0
27,SANTANDER,27061,CHARALA,100%,5417,1706,82,41,7
15,CUNDINAMARCA,15055,CHIA,100%,57998,35917,2212,758,35
27,SANTANDER,27064,CHARTA,100%,2234,339,25,5,3
88,CONSULADOS,88305,CHILE,100%,9537,8720,297,74,4
01,ANTIOQUIA,01106,CHIGORODO,100%,10458,17140,476,210,57
13,CORDOBA,13016,CHIMA,100%,3986,4705,46,21,6
12,CESAR,12300,CHIMICHAGUA,100%,7792,6288,84,58,12
27,SANTANDER,27067,CHIMA,100%,1502,254,23,5,2
88,CONSULADOS,88315,CHINA REPUBLICA POPULAR,100%,405,308,17,0,0
25,NORTE DE SAN,25028,CHINACOTA,100%,8316,1851,127,75,10
07,BOYACA,07064,CHINAVITA,100%,1646,468,13,11,1
09,CALDAS,09034,CHINCHINA,100%,16190,11820,535,545,64
13,CORDOBA,13019,CHINU,100%,15703,10780,276,163,31
15,CUNDINAMARCA,15058,CHIPAQUE,100%,4307,1982,81,58,5
27,SANTANDER,27070,CHIPATA,100%,1915,709,40,27,2
07,BOYACA,07067,CHIQUINQUIRA,100%,18637,11739,517,337,20
07,BOYACA,07068,CHIQUIZA,100%,2172,904,22,26,3
12,CESAR,12375,CHIRIGUANA,100%,5371,8359,108,86,9
07,BOYACA,07070,CHISCAS,100%,1498,265,18,3,2
07,BOYACA,07073,CHITA,100%,2967,612,35,20,8
25,NORTE DE SAN,25031,CHITAGA,100%,5292,660,78,38,8
07,BOYACA,07076,CHITARAQUE,100%,2955,546,12,12,6
07,BOYACA,07077,CHIVATA,100%,1563,928,31,12,0
21,MAGDALENA,21015,CHIVOLO,100%,5094,3797,59,25,22
15,CUNDINAMARCA,15061,CHOACHI,100%,6797,2195,132,51,3
07,BOYACA,07078,CHIVOR,100%,1091,152,13,5,1
15,CUNDINAMARCA,15064,CHOCONTA,100%,8225,3870,193,166,16
21,MAGDALENA,21016,CIENAGA,100%,17610,34984,654,353,39
13,CORDOBA,13013,CIENAGA DE ORO,100%,8662,22968,226,142,48
05,BOLIVAR,05015,CICUCO,100%,2513,3631,35,23,8
07,BOYACA,07046,CIENEGA,100%,2451,377,31,11,5
27,SANTANDER,27045,CIMITARRA,100%,10524,5849,224,241,40
26,QUINDIO,26020,CIRCASIA,100%,9865,5935,292,215,19
05,BOLIVAR,05018,CLEMENCIA,100%,2530,4639,69,37,20
01,ANTIOQUIA,01091,CISNEROS,100%,4575,2267,144,87,20
01,ANTIOQUIA,01094,COCORNA,100%,7935,1360,101,64,62
15,CUNDINAMARCA,15043,COGUA,100%,6772,6502,248,154,7
29,TOLIMA,29031,COELLO,100%,2693,2873,37,40,12
19,HUILA,19028,COLOMBIA,100%,3354,871,43,17,6
64,PUTUMAYO,64007,COLON,100%,944,2339,24,19,1
23,NARIÑO,23022,COLON (GENOVA),100%,1084,3647,89,105,18
28,SUCRE,28030,COLOSO (RICAURTE),100%,2200,3237,41,31,13
01,ANTIOQUIA,01097,CONCEPCION,100%,2546,372,56,15,7
07,BOYACA,07049,COMBITA,100%,3938,2873,118,88,6
01,ANTIOQUIA,01100,CONCORDIA,100%,6379,1298,125,79,25
21,MAGDALENA,21020,CONCORDIA,100%,2386,3546,29,18,7
27,SANTANDER,27046,CONCEPCION,100%,2741,636,51,22,6
23,NARIÑO,23025,CONSACA,100%,2129,4296,70,55,8
17,CHOCO,17013,CONDOTO,100%,882,4964,66,82,10
27,SANTANDER,27049,CONFINES,100%,1874,214,25,7,6
23,NARIÑO,23028,CONTADERO,100%,1491,3005,35,18,3
27,SANTANDER,27052,CONTRATACION,100%,1528,458,26,16,2
25,NORTE DE SAN,25022,CONVENCION,100%,3791,4036,139,86,12
01,ANTIOQUIA,01103,COPACABANA,100%,28709,18110,1079,521,43
05,BOLIVAR,05016,CORDOBA,100%,3659,5131,68,19,12
07,BOYACA,07052,COPER,100%,1791,276,13,7,2
23,NARIÑO,23031,CORDOBA,100%,1241,6837,76,34,8
26,QUINDIO,26025,CORDOBA,100%,1713,1389,51,43,4
88,CONSULADOS,88275,COREA DEL SUR,100%,131,124,7,0,0
11,CAUCA,11022,CORINTO,100%,2457,12017,170,117,46
27,SANTANDER,27055,COROMORO,100%,2817,351,21,10,6
28,SUCRE,28040,COROZAL,100%,13176,20984,298,153,46
07,BOYACA,07055,CORRALES,100%,1139,659,29,15,3
88,CONSULADOS,88285,COSTA RICA,100%,4478,1321,67,8,1
15,CUNDINAMARCA,15046,COTA,100%,14030,8575,556,202,13
07,BOYACA,07058,COVARACHIA,100%,1826,250,14,5,2
13,CORDOBA,13014,COTORRA (BONGO),100%,4589,6219,80,30,8
28,SUCRE,28041,COVEÑAS,100%,4282,5441,97,50,13
29,TOLIMA,29034,COYAIMA,100%,5092,6285,62,58,43
40,ARAUCA,40015,CRAVO NORTE,100%,1291,395,21,6,1
23,NARIÑO,23034,CUASPUD (CARLOSAMA),100%,1243,4472,40,40,10
07,BOYACA,07059,CUBARA,100%,1288,2300,50,65,14
88,CONSULADOS,88290,CUBA,100%,126,474,7,2,0
52,META,52015,CUBARRAL,100%,3096,948,51,22,4
07,BOYACA,07060,CUCAITA,100%,1398,1091,25,15,7
15,CUNDINAMARCA,15049,CUCUNUBA,100%,3408,722,58,48,4
25,NORTE DE SAN,25001,CUCUTA,"99,89%",306536,76069,5139,2463,246
25,NORTE DE SAN,25025,CUCUTILLA,100%,4401,482,58,29,13
07,BOYACA,07061,CUITIVA,100%,867,354,9,6,3
52,META,52020,CUMARAL,100%,9107,4811,237,155,11
72,VICHADA,72006,CUMARIBO,100%,1601,9186,59,46,36
23,NARIÑO,23039,CUMBITARA,100%,263,5384,64,39,2
23,NARIÑO,23037,CUMBAL,100%,3239,16369,131,82,47
29,TOLIMA,29037,CUNDAY,100%,3304,919,39,23,7
44,CAQUETA,44012,CURILLO,100%,1913,1660,93,52,9
88,CONSULADOS,88140,CURAZAO,100%,918,341,10,2,0
12,CESAR,12225,CURUMANI,100%,7753,9840,201,202,15
27,SANTANDER,27058,CURITI,100%,6208,1938,107,49,10
01,ANTIOQUIA,01109,DABEIBA,100%,5194,4544,136,77,48
31,VALLE,31037,DAGUA,100%,9459,12098,292,229,54
48,LA GUAJIRA,48005,DIBULLA,100%,3732,7534,112,62,13
88,CONSULADOS,88325,DINAMARCA,100%,230,420,17,0,1
29,TOLIMA,29043,DOLORES,100%,3387,1135,60,38,17
48,LA GUAJIRA,48008,DISTRACCION,100%,2561,3491,61,30,6
01,ANTIOQUIA,01112,DON MATIAS,100%,8160,1841,251,92,18
24,RISARALDA,24025,DOSQUEBRADAS,100%,58079,51929,2316,1405,141
07,BOYACA,07079,DUITAMA,100%,36015,35416,1389,710,39
25,NORTE DE SAN,25034,DURANIA,100%,2875,374,31,18,4
01,ANTIOQUIA,01115,EBEJICO,100%,5020,1206,90,59,21
88,CONSULADOS,88330,ECUADOR,100%,6462,3229,113,64,25
88,CONSULADOS,88335,EGIPTO,100%,109,58,4,0,0
31,VALLE,31043,EL AGUILA,100%,3096,917,78,61,9
01,ANTIOQUIA,01117,EL BAGRE,100%,7847,10709,460,182,54
21,MAGDALENA,21025,EL BANCO,100%,14944,12209,181,120,40
31,VALLE,31046,EL CAIRO,100%,2136,954,59,41,14
52,META,52025,EL CALVARIO,100%,785,142,19,9,1
17,CHOCO,17017,EL CANTON DEL SAN PABLO (MAN.,100%,622,2435,21,26,2
17,CHOCO,17016,EL CARMEN,100%,2518,1799,60,46,9
25,NORTE DE SAN,25037,EL CARMEN,100%,4082,2179,53,40,10
27,SANTANDER,27071,EL CARMEN,100%,7670,840,96,54,14
05,BOLIVAR,05022,EL CARMEN DE BOLIVAR,100%,19367,13045,352,204,44
52,META,52027,EL CASTILLO,100%,1887,1894,77,46,3
31,VALLE,31049,EL CERRITO,100%,9317,24978,334,261,34
23,NARIÑO,23041,EL CHARCO,100%,661,9777,98,137,45
07,BOYACA,07082,EL COCUY,100%,1622,384,51,28,1
15,CUNDINAMARCA,15067,EL COLEGIO,100%,9553,6314,199,158,17
12,CESAR,12410,EL COPEY,100%,5345,9404,127,65,23
44,CAQUETA,44005,EL DONCELLO,100%,5686,4225,272,152,29
52,META,52028,EL DORADO,100%,2074,668,36,33,2
31,VALLE,31052,EL DOVIO,100%,3462,2207,96,79,14
60,AMAZONAS,60010,EL ENCANTO,100%,31,260,3,6,0
07,BOYACA,07085,EL ESPINO,100%,1258,196,17,8,1
27,SANTANDER,27073,EL GUACAMAYO,100%,895,116,13,8,2
05,BOLIVAR,05025,EL GUAMO,100%,2560,2016,29,10,7
17,CHOCO,17038,EL LITORAL DEL SAN JUAN,100%,91,5343,8,12,5
48,LA GUAJIRA,48006,EL MOLINO,100%,2456,2711,40,31,2
12,CESAR,12415,EL PASO,100%,5923,12596,168,116,24
23,NARIÑO,23044,EL PEÑOL,100%,1131,3446,58,53,9
44,CAQUETA,44006,EL PAUJIL,100%,3354,3958,174,110,39
05,BOLIVAR,05027,EL PEÑON,100%,1811,1580,11,8,5
15,CUNDINAMARCA,15070,EL PEÑON,100%,2471,447,28,16,8
27,SANTANDER,27075,EL PEÑON,100%,1846,408,26,10,3
21,MAGDALENA,21028,EL PIÑON,100%,4029,3839,43,26,10
27,SANTANDER,27074,EL PLAYON,100%,6380,1675,90,91,10
21,MAGDALENA,21030,EL RETEN,100%,1752,7069,74,48,11
54,GUAVIARE,54007,EL RETORNO,100%,3503,1836,115,97,13
28,SUCRE,28042,EL ROBLE,100%,2061,4401,32,13,12
15,CUNDINAMARCA,15072,EL ROSAL,100%,7986,7298,286,339,14
23,NARIÑO,23040,EL ROSARIO,100%,362,4614,53,61,14
88,CONSULADOS,88340,EL SALVADOR,100%,340,105,11,0,0
23,NARIÑO,23043,EL TABLON,100%,2914,5226,115,52,17
11,CAUCA,11025,EL TAMBO,100%,7713,22753,703,984,203
23,NARIÑO,23046,EL TAMBO,100%,3611,5116,120,123,20
25,NORTE DE SAN,25036,EL TARRA,100%,1444,6586,100,83,20
25,NORTE DE SAN,25038,EL ZULIA,100%,13511,2243,156,118,16
88,CONSULADOS,88350,EMIRATOS ARABES UNIDOS,100%,2031,607,43,1,0
19,HUILA,19031,ELIAS,100%,1927,665,34,11,6
27,SANTANDER,27076,ENCINO,100%,1465,125,8,9,1
27,SANTANDER,27079,ENCISO,100%,2019,361,26,13,2
01,ANTIOQUIA,01118,ENTRERRIOS,100%,4749,1154,164,33,11
88,CONSULADOS,88355,ESPAÑA,100%,65426,66945,1936,307,24
01,ANTIOQUIA,01121,ENVIGADO,100%,126432,35667,3562,948,44
29,TOLIMA,29046,ESPINAL,100%,24045,17863,607,549,54
88,CONSULADOS,88360,ESTADOS UNIDOS,100%,179841,41142,2201,158,31
15,CUNDINAMARCA,15076,FACATATIVA,100%,30648,43913,1427,1455,46
29,TOLIMA,29049,FALAN,100%,2341,1507,47,45,16
26,QUINDIO,26030,FILANDIA,100%,4460,1958,132,107,22
09,CALDAS,09037,FILADELFIA,100%,3909,1161,79,67,21
88,CONSULADOS,88375,FINLANDIA,100%,103,174,12,0,0
07,BOYACA,07088,FIRAVITOBA,100%,2071,1860,63,46,2
29,TOLIMA,29052,FLANDES,100%,7042,5998,165,167,15
11,CAUCA,11027,FLORENCIA,100%,813,2925,182,109,26
44,CAQUETA,44001,FLORENCIA,100%,49942,36346,1537,974,98
07,BOYACA,07091,FLORESTA,100%,2002,575,37,11,6
27,SANTANDER,27080,FLORIAN,100%,2550,1060,38,12,6
31,VALLE,31055,FLORIDA,100%,7458,27141,360,296,43
27,SANTANDER,27082,FLORIDABLANCA,100%,104989,53929,2832,1125,71
15,CUNDINAMARCA,15079,FOMEQUE,100%,6007,1335,93,33,8
48,LA GUAJIRA,48007,FONSECA,100%,5855,12851,190,92,8
40,ARAUCA,40017,FORTUL,100%,2094,5624,177,137,14
15,CUNDINAMARCA,15085,FOSCA,100%,3336,595,43,8,1
88,CONSULADOS,88380,FRANCIA,100%,5189,9158,425,24,2
23,NARIÑO,23047,FRANCISCO PIZARRO (SALAHONDA),100%,120,4009,24,22,4
01,ANTIOQUIA,01124,FREDONIA,100%,6770,2890,173,90,37
29,TOLIMA,29055,FRESNO,100%,10855,4840,308,239,48
01,ANTIOQUIA,01127,FRONTINO,100%,4832,3352,164,77,35
52,META,52030,FUENTE DE ORO,100%,4061,2261,90,84,5
21,MAGDALENA,21031,FUNDACION,100%,13785,15238,305,205,29
23,NARIÑO,23049,FUNES,100%,1506,2724,20,16,5
15,CUNDINAMARCA,15088,FUNZA,100%,26702,33048,1236,866,13
15,CUNDINAMARCA,15091,FUQUENE,100%,2052,1076,73,27,3
15,CUNDINAMARCA,15094,FUSAGASUGA,100%,50349,34662,1470,823,47
15,CUNDINAMARCA,15097,GACHALA,100%,2216,831,33,20,6
15,CUNDINAMARCA,15100,GACHANCIPA,100%,3953,5831,192,144,9
07,BOYACA,07094,GACHANTIVA,100%,1568,481,27,13,6
15,CUNDINAMARCA,15103,GACHETA,100%,4072,1574,104,42,14
27,SANTANDER,27085,GALAN,100%,1669,218,10,4,0
03,ATLANTICO,03013,GALAPA,100%,7774,19739,208,106,22
28,SUCRE,28048,GALERAS (NUEVA GRANADA),100%,7458,3635,146,45,30
15,CUNDINAMARCA,15106,GAMA,100%,1613,488,26,18,5
12,CESAR,12450,GAMARRA,100%,4469,2487,54,23,10
27,SANTANDER,27088,GAMBITA,100%,2113,384,21,7,6
07,BOYACA,07097,GAMEZA,100%,2328,520,25,14,2
07,BOYACA,07100,GARAGOA,100%,5345,3271,159,95,6
26,QUINDIO,26040,GENOVA,100%,2774,1373,58,73,14
19,HUILA,19034,GARZON,100%,26311,13153,657,396,46
88,CONSULADOS,88115,GHANA,100%,21,22,1,0,0
19,HUILA,19037,GIGANTE,100%,9221,4054,184,136,22
31,VALLE,31058,GINEBRA,100%,5025,6932,153,114,12
01,ANTIOQUIA,01130,GIRALDO,100%,1902,1336,70,19,2
15,CUNDINAMARCA,15109,GIRARDOT,100%,31519,26524,797,652,28
27,SANTANDER,27091,GIRON,100%,56857,32286,1569,774,49
01,ANTIOQUIA,01133,GIRARDOTA,100%,20635,11805,815,505,53
12,CESAR,12525,GONZALEZ,100%,1935,848,71,31,1
01,ANTIOQUIA,01136,GOMEZ PLATA,100%,4070,968,124,67,14
25,NORTE DE SAN,25040,GRAMALOTE,100%,3552,358,28,6,9
01,ANTIOQUIA,01139,GRANADA,100%,5316,857,73,29,14
15,CUNDINAMARCA,15132,GRANADA,100%,2435,2282,61,53,3
52,META,52035,GRANADA,100%,23610,14418,631,569,46
27,SANTANDER,27094,GUACA,100%,3147,482,38,22,5
07,BOYACA,07103,GUACAMAYAS,100%,763,208,11,14,1
31,VALLE,31061,GUACARI,100%,5129,14854,162,145,24
11,CAUCA,11029,GUACHENE,100%,1691,9076,104,165,8
15,CUNDINAMARCA,15112,GUACHETA,100%,4742,1662,162,108,15
23,NARIÑO,23052,GUACHUCAL,100%,2528,9035,100,58,23
01,ANTIOQUIA,01140,GUADALUPE,100%,1683,1804,146,77,39
19,HUILA,19040,GUADALUPE,100%,6670,2401,149,101,29
27,SANTANDER,27097,GUADALUPE,100%,2691,392,27,10,2
23,NARIÑO,23055,GUAITARILLA,100%,1463,6428,64,51,5
15,CUNDINAMARCA,15115,GUADUAS,100%,9791,4941,232,148,20
23,NARIÑO,23058,GUALMATAN,100%,1171,2747,66,29,2
21,MAGDALENA,21040,GUAMAL,100%,7618,4512,67,28,17
52,META,52040,GUAMAL,100%,7281,3028,143,164,8
29,TOLIMA,29058,GUAMO,100%,11397,5274,195,168,32
27,SANTANDER,27100,GUAPOTA,100%,1336,148,13,5,2
11,CAUCA,11028,GUAPI,100%,591,10097,46,91,6
28,SUCRE,28049,GUARANDA,100%,5247,2520,70,23,12
15,CUNDINAMARCA,15118,GUASCA,100%,5022,3838,222,197,10
01,ANTIOQUIA,01142,GUARNE,100%,23505,8833,780,373,46
01,ANTIOQUIA,01145,GUATAPE,100%,4816,1147,119,45,11
15,CUNDINAMARCA,15121,GUATAQUI,100%,962,638,10,6,1
15,CUNDINAMARCA,15124,GUATAVITA,100%,3039,1235,96,46,7
88,CONSULADOS,88410,GUATEMALA,100%,1089,208,27,2,1
07,BOYACA,07106,GUATEQUE,100%,3778,2380,112,62,7
24,RISARALDA,24029,GUATICA,100%,4439,2070,149,104,13
27,SANTANDER,27103,GUAVATA,100%,1964,994,41,19,2
15,CUNDINAMARCA,15128,GUAYABETAL,100%,2493,858,23,20,6
15,CUNDINAMARCA,15127,GUAYABAL DE SIQUIMA,100%,2224,998,59,26,7
07,BOYACA,07109,GUAYATA,100%,2247,485,21,10,2
27,SANTANDER,27106,GUEPSA,100%,1726,857,32,29,2
07,BOYACA,07112,GUICAN,100%,1063,756,31,22,4
88,CONSULADOS,88430,HAITI,100%,8,9,1,0,0
15,CUNDINAMARCA,15130,GUTIERREZ,100%,1847,269,13,6,1
25,NORTE DE SAN,25043,HACARI,100%,1286,3043,54,45,6
46,CASANARE,46320,HATO COROZAL,100%,4204,1048,34,25,7
05,BOLIVAR,05026,HATILLO DE LOBA,100%,4283,1994,25,26,8
27,SANTANDER,27109,HATO,100%,1239,304,21,11,2
48,LA GUAJIRA,48009,HATONUEVO,100%,2343,6436,60,28,14
01,ANTIOQUIA,01148,HELICONIA,100%,2438,791,55,34,17
25,NORTE DE SAN,25046,HERRAN,100%,1966,86,23,2,5
01,ANTIOQUIA,01150,HISPANIA,100%,2242,651,45,13,7
19,HUILA,19043,HOBO,100%,2568,1568,78,49,9
29,TOLIMA,29061,HERVEO,100%,2559,784,34,32,4
29,TOLIMA,29064,HONDA,100%,6634,7002,161,148,10
88,CONSULADOS,88445,HUNGRIA,100%,84,147,14,1,0
88,CONSULADOS,88440,HONDURAS,100%,258,62,4,1,0
29,TOLIMA,29001,IBAGUE,100%,176469,139933,5425,3528,236
23,NARIÑO,23061,ILES,100%,1160,3808,38,29,13
29,TOLIMA,29067,ICONONZO,100%,3022,2894,68,38,12
88,CONSULADOS,88455,INDIA,100%,12,14,6,0,0
23,NARIÑO,23064,IMUES,100%,1363,3473,52,26,8
88,CONSULADOS,88460,INDONESIA,100%,22,14,1,0,0
88,CONSULADOS,88465,INGLATERRA,100%,6977,4956,267,12,3
11,CAUCA,11031,INZA,100%,2578,10734,81,104,45
50,GUAINIA,50001,INIRIDA,100%,4663,6846,162,71,30
23,NARIÑO,23067,IPIALES,100%,18284,48510,718,666,112
88,CONSULADOS,88470,IRLANDA,100%,274,321,18,1,0
19,HUILA,19046,IQUIRA,100%,2922,2340,55,32,12
19,HUILA,19044,ISNOS,100%,8340,6396,272,184,36
88,CONSULADOS,88490,ISRAEL,100%,851,120,7,3,1
17,CHOCO,17019,ISTMINA,100%,1764,9765,115,146,32
01,ANTIOQUIA,01151,ITAGUI,100%,109001,55270,3772,1736,124
88,CONSULADOS,88495,ITALIA,100%,4103,4408,178,19,1
01,ANTIOQUIA,01154,ITUANGO,100%,3067,2499,179,91,45
88,CONSULADOS,88500,JAMAICA,100%,90,38,1,0,0
07,BOYACA,07118,IZA,100%,1041,534,25,15,1
11,CAUCA,11034,JAMBALO,100%,200,8766,53,39,13
31,VALLE,31064,JAMUNDI,100%,30708,55757,1352,816,114
88,CONSULADOS,88505,JAPON,100%,275,238,17,0,1
01,ANTIOQUIA,01157,JARDIN,100%,6478,2594,202,42,20
07,BOYACA,07121,JENESANO,100%,3093,1323,42,30,7
01,ANTIOQUIA,01160,JERICO,100%,5634,1637,130,75,18
07,BOYACA,07124,JERICO,100%,1865,198,9,9,5
15,CUNDINAMARCA,15133,JERUSALEN,100%,1306,499,11,2,1
27,SANTANDER,27112,JESUS MARIA,100%,1403,691,26,19,2
27,SANTANDER,27115,JORDAN,100%,1000,118,10,3,4
03,ATLANTICO,03016,JUAN DE ACOSTA,100%,6644,4980,75,33,15
15,CUNDINAMARCA,15136,JUNIN,100%,2661,945,48,34,9
17,CHOCO,17022,JURADO,100%,188,1514,11,5,4
88,CONSULADOS,88515,KENIA,100%,31,39,4,0,0
13,CORDOBA,13020,LA APARTADA (FRONTERA),100%,1871,5479,78,43,19
15,CUNDINAMARCA,15139,LA CALERA,100%,10072,8462,428,185,10
19,HUILA,19047,LA ARGENTINA (PLATA VIEJA),100%,4925,2769,134,68,16
27,SANTANDER,27119,LA BELLEZA,100%,3173,512,41,8,2
07,BOYACA,07130,LA CAPILLA,100%,1302,431,19,8,2
01,ANTIOQUIA,01163,LA CEJA,100%,33830,12236,1049,491,60
24,RISARALDA,24038,LA CELIA,100%,2608,1151,67,49,11
60,AMAZONAS,60013,LA CHORRERA,100%,40,624,1,1,0
23,NARIÑO,23073,LA CRUZ,100%,3003,7260,134,106,17
31,VALLE,31067,LA CUMBRE,100%,3922,4823,112,66,15
25,NORTE DE SAN,25051,LA ESPERANZA,100%,4734,1484,72,53,7
09,CALDAS,09049,LA DORADA,100%,17285,14956,460,655,54
01,ANTIOQUIA,01166,LA ESTRELLA,100%,28378,14566,965,482,41
23,NARIÑO,23076,LA FLORIDA,100%,1802,5182,66,53,11
50,GUAINIA,50078,LA GUADALUPE,100%,41,28,1,0,0
12,CESAR,12600,LA GLORIA,100%,4408,3274,66,52,8
12,CESAR,12608,LA JAGUA DE IBIRICO,100%,7012,11855,229,212,17
23,NARIÑO,23077,LA LLANADA,100%,1160,1799,72,59,5
48,LA GUAJIRA,48012,LA JAGUA DEL PILAR,100%,1248,1793,24,15,5
52,META,52041,LA MACARENA,100%,2666,5999,279,151,35
09,CALDAS,09052,LA MERCED,100%,2127,896,69,45,19
15,CUNDINAMARCA,15142,LA MESA,100%,11805,7192,296,177,22
44,CAQUETA,44007,LA MONTAÑITA,100%,2789,5131,170,93,23
15,CUNDINAMARCA,15145,LA PALMA,100%,3429,1352,46,28,13
12,CESAR,12825,LA PAZ,100%,7943,5097,113,69,8
27,SANTANDER,27118,LA PAZ,100%,2153,330,28,23,3
60,AMAZONAS,60016,LA PEDRERA,100%,52,411,4,1,4
15,CUNDINAMARCA,15148,LA PEÑA,100%,3496,626,37,16,12
19,HUILA,19049,LA PLATA,100%,18686,10074,478,267,85
25,NORTE DE SAN,25052,LA PLAYA,100%,2762,953,39,13,5
01,ANTIOQUIA,01170,LA PINTADA,100%,2715,1504,55,43,13
72,VICHADA,72008,LA PRIMAVERA,100%,3048,911,44,7,8
46,CASANARE,46480,LA SALINA,100%,164,365,11,8,4
11,CAUCA,11037,LA SIERRA,100%,2003,4286,108,153,29
26,QUINDIO,26050,LA TEBAIDA,100%,8804,9104,329,374,51
23,NARIÑO,23078,LA TOLA,100%,201,2798,27,8,6
01,ANTIOQUIA,01169,LA UNION,100%,10805,3632,345,155,30
23,NARIÑO,23079,LA UNION,100%,6664,9487,247,311,50
28,SUCRE,28050,LA UNION,100%,2435,4528,65,34,8
31,VALLE,31070,LA UNION,100%,11569,5213,316,260,25
07,BOYACA,07136,LA UVITA,100%,1326,247,25,8,2
11,CAUCA,11040,LA VEGA,100%,1771,8123,85,102,19
15,CUNDINAMARCA,15151,LA VEGA,100%,7360,2695,131,75,10
07,BOYACA,07137,LA VICTORIA,100%,680,204,11,6,1
31,VALLE,31073,LA VICTORIA,100%,4258,2252,90,56,12
60,AMAZONAS,60017,LA VICTORIA,100%,0,32,0,0,0
24,RISARALDA,24046,LA VIRGINIA,100%,8135,9833,359,286,31
25,NORTE DE SAN,25049,LABATECA,100%,3108,371,24,12,4
07,BOYACA,07127,LABRANZAGRANDE,100%,1870,397,17,11,3
27,SANTANDER,27120,LANDAZURI,100%,4678,1475,64,55,11
27,SANTANDER,27121,LEBRIJA,100%,19487,5789,362,178,18
23,NARIÑO,23080,LEIVA,100%,337,6086,41,185,6
52,META,52042,LEJANIAS,100%,3730,1783,100,79,17
15,CUNDINAMARCA,15154,LENGUAZAQUE,100%,5188,687,85,47,9
29,TOLIMA,29070,LERIDA,100%,4191,5179,85,130,13
60,AMAZONAS,60001,LETICIA,100%,9595,13321,339,158,52
29,TOLIMA,29073,LIBANO,100%,8970,10266,290,305,41
88,CONSULADOS,88535,LIBANO,100%,92,37,6,1,0
01,ANTIOQUIA,01172,LIBORINA,100%,4466,965,79,17,13
23,NARIÑO,23082,LINARES,100%,1221,4803,85,64,17
11,CAUCA,11043,LOPEZ (MICAY),100%,549,7871,109,80,25
17,CHOCO,17025,LLORO,100%,983,3435,32,100,16
13,CORDOBA,13022,LORICA,100%,21180,34173,452,222,64
23,NARIÑO,23085,LOS ANDES (SOTOMAYOR),100%,1249,4811,116,148,14
13,CORDOBA,13023,LOS CORDOBAS,100%,4986,4576,90,35,21
28,SUCRE,28055,LOS PALMITOS,100%,4011,9702,69,39,20
25,NORTE DE SAN,25054,LOS PATIOS,100%,37492,9298,620,297,25
25,NORTE DE SAN,25055,LOURDES,100%,2540,141,25,4,2
27,SANTANDER,27124,LOS SANTOS,100%,6367,1498,120,62,15
03,ATLANTICO,03019,LURUACO,100%,6599,6915,102,70,24
27,SANTANDER,27127,MACARAVITA,100%,1193,158,14,6,0
07,BOYACA,07142,MACANAL,100%,1901,514,37,19,9
01,ANTIOQUIA,01175,MACEO,100%,3650,1192,75,40,6
15,CUNDINAMARCA,15160,MADRID,100%,29486,40102,1452,1069,41
15,CUNDINAMARCA,15157,MACHETA,100%,3839,869,64,22,8
05,BOLIVAR,05028,MAGANGUE,100%,20048,34408,451,237,74
23,NARIÑO,23088,MAGUI (PAYAN),100%,98,4711,18,24,3
05,BOLIVAR,05031,MAHATES,100%,5172,6164,94,49,25
48,LA GUAJIRA,48010,MAICAO,100%,26067,35313,747,484,118
28,SUCRE,28060,MAJAGUAL,100%,11602,5209,145,48,37
27,SANTANDER,27130,MALAGA,100%,7697,3254,209,87,4
88,CONSULADOS,88560,MALASIA,100%,66,29,3,0,0
03,ATLANTICO,03022,MALAMBO,100%,14368,40114,411,214,39
23,NARIÑO,23091,MALLAMA (PIEDRANCHA),100%,579,3947,49,41,6
03,ATLANTICO,03025,MANATI,100%,4995,2755,68,21,9
48,LA GUAJIRA,48011,MANAURE,100%,7343,16175,178,367,153
12,CESAR,12625,MANAURE BALCON DEL CESAR (MANA,100%,2892,2970,41,39,10
46,CASANARE,46520,MANI,100%,5676,2291,116,76,11
15,CUNDINAMARCA,15163,MANTA,100%,2341,565,38,11,5
09,CALDAS,09001,MANIZALES,100%,128762,103619,6100,3699,299
09,CALDAS,09055,MANZANARES,100%,6580,1799,170,122,22
52,META,52046,MAPIRIPAN,100%,1440,1535,41,50,13
05,BOLIVAR,05037,MARGARITA,100%,3466,1603,28,9,5
05,BOLIVAR,05040,MARIA LA BAJA,100%,6184,14766,189,96,32
01,ANTIOQUIA,01178,MARINILLA,100%,28755,10033,646,305,42
07,BOYACA,07148,MARIPI,100%,3020,450,22,11,8
29,TOLIMA,29076,MARIQUITA,100%,10044,8037,294,286,32
09,CALDAS,09061,MARQUETALIA,100%,5420,1438,123,89,29
09,CALDAS,09058,MARMATO,100%,1992,1704,78,60,11
24,RISARALDA,24054,MARSELLA,100%,5039,3611,153,122,33
88,CONSULADOS,88580,MARRUECOS,100%,20,21,2,0,0
27,SANTANDER,27133,MATANZA,100%,3130,608,35,21,3
09,CALDAS,09067,MARULANDA,100%,1001,219,34,26,5
01,ANTIOQUIA,01001,MEDELLIN,100%,819285,421839,29918,10998,999
15,CUNDINAMARCA,15166,MEDINA,100%,3727,859,57,39,6
17,CHOCO,17012,MEDIO ATRATO (BETE),100%,354,3337,13,38,1
17,CHOCO,17026,MEDIO BAUDO (PUERTO MELUK),100%,264,4335,15,14,5
29,TOLIMA,29079,MELGAR,100%,14072,6633,278,195,18
17,CHOCO,17027,MEDIO SAN JUAN,100%,362,3855,36,54,13
11,CAUCA,11046,MERCADERES,100%,1366,7867,239,156,58
52,META,52044,MESETAS,100%,2547,3460,124,90,16
88,CONSULADOS,88590,MEXICO,100%,8668,4032,258,7,1
44,CAQUETA,44016,MILAN,100%,1526,2020,72,52,10
07,BOYACA,07151,MIRAFLORES,100%,3048,2332,82,36,8
11,CAUCA,11049,MIRANDA,100%,3072,12996,174,136,18
54,GUAVIARE,54012,MIRAFLORES,100%,329,1010,19,14,5
60,AMAZONAS,60019,MIRITI PARANA,100%,3,163,1,0,0
68,VAUPES,68001,MITU,100%,1821,7498,112,32,28
24,RISARALDA,24062,MISTRATO,100%,3083,4783,104,100,29
27,SANTANDER,27136,MOGOTES,100%,4890,904,76,63,7
64,PUTUMAYO,64001,MOCOA,100%,7208,22666,312,194,33
27,SANTANDER,27139,MOLAGAVITA,100%,2228,275,18,12,1
13,CORDOBA,13024,MOMIL,100%,4707,4687,100,35,11
05,BOLIVAR,05043,MOMPOS,100%,10185,10744,142,82,19
07,BOYACA,07154,MONGUA,100%,2657,474,18,7,4
07,BOYACA,07157,MONGUI,100%,1998,962,41,22,4
07,BOYACA,07160,MONIQUIRA,100%,8875,4714,194,156,24
01,ANTIOQUIA,01181,MONTEBELLO,100%,2782,854,77,44,28
26,QUINDIO,26060,MONTENEGRO,100%,11180,7813,401,458,56
13,CORDOBA,13025,MONTELIBANO,100%,9026,28685,390,199,41
05,BOLIVAR,05041,MONTECRISTO,100%,2085,2558,60,18,11
13,CORDOBA,13001,MONTERIA,100%,105626,132930,2659,1293,248
05,BOLIVAR,05044,MORALES,100%,5325,2778,80,48,13
46,CASANARE,46540,MONTERREY,100%,6344,2501,162,129,16
11,CAUCA,11052,MORALES,100%,4747,12333,331,294,54
50,GUAINIA,50083,MORICHAL (MORICHAL NUEVO),100%,32,57,1,0,0
44,CAQUETA,44017,MORELIA,100%,1587,629,32,24,4
68,VAUPES,68010,MORICHAL (PAPUNAGUA),100%,22,80,0,0,0
15,CUNDINAMARCA,15169,MOSQUERA,100%,34410,40213,1617,808,29
28,SUCRE,28080,MORROA,100%,3673,6663,80,52,11
23,NARIÑO,23094,MOSQUERA,100%,74,4065,10,10,1
07,BOYACA,07161,MOTAVITA,100%,2262,1921,43,31,3
13,CORDOBA,13027,MOÑITOS,100%,6560,6451,77,39,23
29,TOLIMA,29080,MURILLO,100%,1153,709,19,17,3
01,ANTIOQUIA,01184,MURINDO,100%,131,1994,5,5,7
01,ANTIOQUIA,01187,MUTATA,100%,2879,4329,75,48,22
25,NORTE DE SAN,25058,MUTISCUA,100%,2225,156,25,10,7
07,BOYACA,07163,MUZO,100%,3005,1422,56,48,8
01,ANTIOQUIA,01190,NARIÑO,100%,3833,416,60,16,17
23,NARIÑO,23096,NARIÑO,100%,1242,2644,40,40,4
15,CUNDINAMARCA,15172,NARIÑO,100%,988,894,17,5,4
19,HUILA,19050,NATAGA,100%,1988,1272,51,36,10
01,ANTIOQUIA,01191,NECHI,100%,5096,3641,102,44,32
29,TOLIMA,29082,NATAGAIMA,100%,3805,4839,62,62,18
09,CALDAS,09076,NEIRA,100%,7790,3516,224,253,51
01,ANTIOQUIA,01192,NECOCLI,100%,11647,8144,300,111,71
19,HUILA,19001,NEIVA,100%,103554,91103,3025,1788,155
15,CUNDINAMARCA,15175,NEMOCON,100%,4547,4184,135,157,6
88,CONSULADOS,88620,NICARAGUA,100%,90,27,1,0,0
15,CUNDINAMARCA,15178,NILO,100%,2515,1270,51,28,3
07,BOYACA,07166,NOBSA,100%,3984,6641,125,69,3
15,CUNDINAMARCA,15184,NOCAIMA,100%,2492,1306,45,24,3
15,CUNDINAMARCA,15181,NIMAIMA,100%,1973,459,26,9,5
88,CONSULADOS,88635,NORUEGA,100%,199,340,18,2,0
09,CALDAS,09078,NORCASIA,100%,2112,1222,81,67,5
05,BOLIVAR,05050,NOROSI,100%,901,1788,32,12,3
21,MAGDALENA,21042,NUEVA GRANADA,100%,5671,3834,104,42,20
17,CHOCO,17028,NOVITA,100%,583,2509,36,58,16
88,CONSULADOS,88625,NUEVA ZELANDIA,100%,597,676,51,3,0
07,BOYACA,07169,NUEVO COLON,100%,2423,1083,42,21,7
17,CHOCO,17082,NUEVO BELEN DE BAJIRA,100%,2012,4584,61,79,8
46,CASANARE,46560,NUNCHIA,100%,3934,692,37,20,6
17,CHOCO,17031,NUQUI,100%,363,3250,14,29,2
31,VALLE,31076,OBANDO,100%,2440,3410,79,99,11
27,SANTANDER,27142,OCAMONTE,100%,2540,338,27,5,4
27,SANTANDER,27145,OIBA,100%,5563,1295,90,42,8
25,NORTE DE SAN,25061,OCAÑA,100%,42350,17477,845,462,60
07,BOYACA,07173,OICATA,100%,1196,901,36,26,2
23,NARIÑO,23095,OLAYA HERRERA,100%,502,8401,42,52,12
27,SANTANDER,27148,ONZAGA,100%,1997,279,18,12,10
01,ANTIOQUIA,01193,OLAYA,100%,1438,374,15,11,5
19,HUILA,19051,OPORAPA,100%,5101,1073,98,33,9
64,PUTUMAYO,64023,ORITO,100%,2688,18378,187,160,26
46,CASANARE,46640,OROCUE,100%,4062,1535,55,39,17
29,TOLIMA,29085,ORTEGA,100%,7896,5443,121,124,39
23,NARIÑO,23097,OSPINA,100%,1482,2557,64,36,9
07,BOYACA,07176,OTANCHE,100%,3850,919,37,23,3
28,SUCRE,28100,OVEJAS,100%,5320,9372,72,60,17
07,BOYACA,07178,PACHAVITA,100%,1099,285,9,19,2
15,CUNDINAMARCA,15190,PACHO,100%,11686,3939,250,124,16
09,CALDAS,09079,PACORA,100%,5766,1344,151,115,37
11,CAUCA,11053,PADILLA,100%,871,3659,47,91,6
07,BOYACA,07179,PAEZ,100%,1457,305,29,9,4
12,CESAR,12650,PAILITAS,100%,5494,4232,94,79,11
11,CAUCA,11055,PAEZ (BELALCAZAR),100%,2240,13475,139,136,40
19,HUILA,19052,PAICOL,100%,3109,692,44,18,3
07,BOYACA,07181,PAIPA,100%,12342,10275,424,245,5
15,CUNDINAMARCA,15193,PAIME,100%,2414,608,27,8,5
88,CONSULADOS,88435,PAISES BAJOS,100%,1457,1608,86,2,0
07,BOYACA,07184,PAJARITO,100%,864,344,14,3,1
19,HUILA,19055,PALERMO,100%,8950,5053,178,135,15
27,SANTANDER,27151,PALMAR,100%,935,201,4,8,2
09,CALDAS,09082,PALESTINA,100%,4846,3337,126,160,19
19,HUILA,19056,PALESTINA,100%,4770,1940,134,95,14
03,ATLANTICO,03028,PALMAR DE VARELA,100%,4711,10125,128,41,14
27,SANTANDER,27154,PALMAS DEL SOCORRO,100%,1725,243,32,8,3
31,VALLE,31079,PALMIRA,100%,62677,111031,2859,1276,156
28,SUCRE,28120,PALMITO,100%,3169,5847,67,32,16
25,NORTE DE SAN,25064,PAMPLONA,100%,19734,10074,692,335,37
29,TOLIMA,29087,PALOCABILDO,100%,3302,1611,58,33,6
25,NORTE DE SAN,25067,PAMPLONITA,100%,3010,396,60,29,6
88,CONSULADOS,88655,PANAMA,100%,8718,2603,147,8,3
50,GUAINIA,50087,PANA PANA (CAMPO ALEGRE),100%,108,164,4,1,1
15,CUNDINAMARCA,15196,PANDI,100%,1733,1104,22,15,8
88,CONSULADOS,88665,PARAGUAY,100%,290,74,0,0,0
07,BOYACA,07187,PANQUEBA,100%,770,179,14,4,4
27,SANTANDER,27157,PARAMO,100%,2682,465,31,14,2
15,CUNDINAMARCA,15198,PARATEBUENO (LA NAGUAYA),100%,3783,1291,38,49,9
15,CUNDINAMARCA,15199,PASCA,100%,2784,3131,64,50,7
23,NARIÑO,23001,PASTO,100%,59547,175744,2678,1633,161
07,BOYACA,07190,PAUNA,100%,3324,1045,28,29,15
11,CAUCA,11058,PATIA (EL BORDO),100%,4244,15757,354,484,75
07,BOYACA,07193,PAYA,100%,1007,174,12,6,3
46,CASANARE,46680,PAZ DE ARIPORO (MORENO),100%,15175,4039,241,144,30
07,BOYACA,07199,PAZ DE RIO,100%,1134,1433,52,32,3
21,MAGDALENA,21046,PEDRAZA,100%,3198,1792,10,15,9
12,CESAR,12700,PELAYA,100%,6225,3795,111,94,17
09,CALDAS,09085,PENSILVANIA,100%,6903,2237,199,129,29
24,RISARALDA,24001,PEREIRA,100%,155042,124754,5904,3250,366
01,ANTIOQUIA,01199,PEQUE,100%,2264,1169,57,24,10
88,CONSULADOS,88670,PERU,100%,2566,851,54,7,0
07,BOYACA,07202,PESCA,100%,3215,952,46,21,10
11,CAUCA,11060,PIAMONTE,100%,1112,2472,82,44,12
01,ANTIOQUIA,01196,PEÑOL,100%,10194,2168,166,72,20
27,SANTANDER,27160,PIEDECUESTA,100%,63191,32641,1590,875,65
11,CAUCA,11061,PIENDAMO,100%,8004,13317,340,333,42
29,TOLIMA,29088,PIEDRAS,100%,1768,1757,47,29,7
26,QUINDIO,26070,PIJAO,100%,2168,1046,48,40,11
21,MAGDALENA,21048,PIJIÑO DEL CARMEN,100%,3522,2191,36,22,13
27,SANTANDER,27163,PINCHOTE,100%,2356,703,36,14,3
05,BOLIVAR,05059,PINILLOS,100%,6479,2796,44,26,16
03,ATLANTICO,03031,PIOJO,100%,1709,1883,22,6,4
07,BOYACA,07205,PISBA,100%,667,159,11,2,4
19,HUILA,19061,PITALITO,100%,42899,28484,1069,596,93
19,HUILA,19058,PITAL,100%,5037,1829,101,50,9
21,MAGDALENA,21049,PIVIJAY,100%,6617,10012,141,91,30
29,TOLIMA,29089,PLANADAS,100%,7161,4935,240,149,48
13,CORDOBA,13028,PLANETA RICA,100%,13834,18347,317,224,46
21,MAGDALENA,21052,PLATO,100%,9934,14214,199,118,38
23,NARIÑO,23098,POLICARPA,100%,470,9012,102,147,6
88,CONSULADOS,88675,POLONIA,100%,342,694,14,3,0
03,ATLANTICO,03034,POLONUEVO,100%,2610,7171,46,37,13
03,ATLANTICO,03035,PONEDERA,100%,5111,6437,78,49,18
11,CAUCA,11001,POPAYAN,100%,66470,128296,3196,2170,213
46,CASANARE,46700,PORE,100%,4738,1115,71,46,12
88,CONSULADOS,88680,PORTUGAL,100%,1440,1620,69,7,0
23,NARIÑO,23100,POTOSI,100%,2216,4520,59,33,11
31,VALLE,31082,PRADERA,100%,6130,19477,270,243,39
29,TOLIMA,29091,PRADO,100%,3351,1381,38,32,13
23,NARIÑO,23101,PROVIDENCIA,100%,358,3535,28,22,5
56,SAN ANDRES,56004,PROVIDENCIA,100%,708,1088,47,5,1
13,CORDOBA,13031,PUEBLO NUEVO,100%,8442,8602,168,75,21
12,CESAR,12720,PUEBLO BELLO,100%,4782,8345,122,96,58
24,RISARALDA,24070,PUEBLO RICO,100%,2066,5303,67,53,29
01,ANTIOQUIA,01202,PUEBLORRICO,100%,3350,760,48,17,17
21,MAGDALENA,21055,PUEBLOVIEJO,100%,3769,7164,94,95,20
27,SANTANDER,27166,PUENTE NACIONAL,100%,5874,2973,112,77,11
23,NARIÑO,23103,PUERRES,100%,1533,3852,52,29,7
60,AMAZONAS,60030,PUERTO ALEGRIA,100%,20,108,0,1,0
60,AMAZONAS,60040,PUERTO ARICA,100%,22,177,0,0,0
64,PUTUMAYO,64002,PUERTO ASIS,100%,6948,25950,570,478,68
01,ANTIOQUIA,01205,PUERTO BERRIO,100%,9100,7237,312,187,39
07,BOYACA,07214,PUERTO BOYACA,100%,14527,10046,360,581,47
64,PUTUMAYO,64026,PUERTO CAICEDO,100%,1314,5785,158,130,27
72,VICHADA,72001,PUERTO CARREÑO,100%,5564,3734,136,89,36
03,ATLANTICO,03037,PUERTO COLOMBIA,100%,9728,15357,213,66,11
50,GUAINIA,50090,PUERTO COLOMBIA,100%,208,130,0,2,1
52,META,52047,PUERTO CONCORDIA,100%,2288,1904,61,67,11
13,CORDOBA,13033,PUERTO ESCONDIDO,100%,6119,5444,64,27,11
52,META,52043,PUERTO GAITAN,100%,15843,18419,547,881,66
64,PUTUMAYO,64025,PUERTO GUZMAN,100%,1810,5473,126,85,15
13,CORDOBA,13032,PUERTO LIBERTADOR,100%,4804,14208,293,100,40
64,PUTUMAYO,64004,PUERTO LEGUIZAMO,100%,2398,4068,89,61,26
52,META,52048,PUERTO LLERAS,100%,2808,1431,45,43,3
52,META,52045,PUERTO LOPEZ,100%,10480,6175,220,257,28
01,ANTIOQUIA,01168,PUERTO NARE-LA MAGDALENA,100%,3302,3299,79,57,13
60,AMAZONAS,60007,PUERTO NARIÑO,100%,649,2139,29,14,20
44,CAQUETA,44009,PUERTO RICO,100%,6455,6304,424,184,61
27,SANTANDER,27167,PUERTO PARRA,100%,2201,1443,45,43,9
52,META,52049,PUERTO RICO,100%,2696,3035,98,106,14
40,ARAUCA,40020,PUERTO RONDON,100%,1534,305,26,8,4
88,CONSULADOS,88683,PUERTO RICO,100%,850,351,15,3,1
15,CUNDINAMARCA,15202,PUERTO SALGAR,100%,4421,3342,94,103,10
25,NORTE DE SAN,25069,PUERTO SANTANDER,100%,3568,560,33,21,6
60,AMAZONAS,60021,PUERTO SANTANDER,100%,40,158,2,0,1
11,CAUCA,11064,PUERTO TEJADA,100%,3063,20345,232,229,17
27,SANTANDER,27169,PUERTO WILCHES,100%,6722,10288,149,138,32
15,CUNDINAMARCA,15205,PULI,100%,1161,421,16,6,5
01,ANTIOQUIA,01206,PUERTO TRIUNFO,100%,6025,2523,110,66,21
23,NARIÑO,23106,PUPIALES,100%,4223,6708,138,135,19
11,CAUCA,11067,PURACE (COCONUCO),100%,1724,5077,72,55,26
29,TOLIMA,29094,PURIFICACION,100%,7213,5979,141,115,21
15,CUNDINAMARCA,15208,QUEBRADANEGRA,100%,2742,492,41,20,7
13,CORDOBA,13034,PURISIMA,100%,5020,3766,70,37,19
26,QUINDIO,26080,QUIMBAYA,100%,9727,7233,295,260,58
17,CHOCO,17001,QUIBDO,100%,8423,39917,542,664,269
15,CUNDINAMARCA,15211,QUETAME,100%,2827,1487,47,37,4
24,RISARALDA,24078,QUINCHIA,100%,5096,7940,299,311,64
07,BOYACA,07215,QUIPAMA,100%,2236,544,21,28,4
15,CUNDINAMARCA,15214,QUIPILE,100%,3230,770,39,21,17
25,NORTE DE SAN,25070,RAGONVALIA,100%,2971,217,26,16,3
07,BOYACA,07217,RAMIRIQUI,100%,4634,1936,88,47,7
07,BOYACA,07220,RAQUIRA,100%,2884,1151,68,47,3
46,CASANARE,46760,RECETOR,100%,664,248,11,5,1
01,ANTIOQUIA,01208,REMEDIOS,100%,4312,6285,469,211,138
05,BOLIVAR,05063,REGIDOR,100%,1362,1639,20,7,5
21,MAGDALENA,21058,REMOLINO,100%,1456,3015,29,22,3
03,ATLANTICO,03040,REPELON,100%,5447,6553,106,53,27
88,CONSULADOS,88370,REPUBLICA DE FILIPINAS,100%,54,43,5,0,0
88,CONSULADOS,88685,REPUBLICA DOMINICANA,100%,1690,421,32,0,0
88,CONSULADOS,88688,REPUBLICA DE SINGAPUR,100%,136,53,11,0,0
88,CONSULADOS,88690,REPUBLICA SOCIALISTA DE VIETNA,100%,14,26,1,0,0
31,VALLE,31085,RESTREPO,100%,4459,4502,116,107,19
52,META,52050,RESTREPO,100%,8467,3992,182,72,8
01,ANTIOQUIA,01211,RETIRO,100%,14610,3019,333,77,20
23,NARIÑO,23109,RICAURTE,100%,1567,10043,81,70,56
15,CUNDINAMARCA,15218,RICAURTE,100%,5352,3325,104,73,4
12,CESAR,12750,RIO DE ORO,100%,7045,3310,128,69,9
17,CHOCO,17032,RIO IRO,100%,458,1484,14,55,3
17,CHOCO,17035,RIO QUITO (PAIMADO),100%,957,3498,25,72,15
29,TOLIMA,29097,RIOBLANCO,100%,5425,2474,145,78,32
31,VALLE,31088,RIOFRIO,100%,4718,4175,125,87,16
48,LA GUAJIRA,48001,RIOHACHA,100%,32776,50857,1084,667,155
01,ANTIOQUIA,01214,RIONEGRO,100%,74165,24993,2126,976,68
27,SANTANDER,27172,RIONEGRO,100%,11719,3554,237,164,29
09,CALDAS,09103,RIOSUCIO,100%,13483,12182,512,560,64
17,CHOCO,17034,RIOSUCIO,100%,1025,6393,41,57,9
05,BOLIVAR,05065,RIOVIEJO,100%,2249,1702,40,16,7
09,CALDAS,09106,RISARALDA,100%,4096,1593,106,88,25
19,HUILA,19064,RIVERA,100%,7728,6017,192,137,12
23,NARIÑO,23112,ROBERTO PAYAN (SAN JOSE),100%,120,6464,26,16,1
31,VALLE,31091,ROLDANILLO,100%,11289,8987,294,205,17
29,TOLIMA,29100,RONCESVALLES,100%,1658,453,32,19,4
07,BOYACA,07223,RONDON,100%,1188,354,19,7,0
29,TOLIMA,29103,ROVIRA,100%,8624,2632,149,109,25
11,CAUCA,11070,ROSAS,100%,2045,3860,70,125,21
88,CONSULADOS,88700,RUSIA,100%,32,147,0,1,0
03,ATLANTICO,03043,SABANAGRANDE,100%,5535,10689,141,51,21
27,SANTANDER,27174,SABANA DE TORRES,100%,9579,6597,233,233,22
01,ANTIOQUIA,01217,SABANALARGA,100%,3410,788,65,24,8
03,ATLANTICO,03046,SABANALARGA,100%,15432,32762,351,231,46
46,CASANARE,46800,SABANALARGA,100%,1569,472,24,21,2
01,ANTIOQUIA,01218,SABANETA,100%,52751,17612,1636,407,31
21,MAGDALENA,21060,SABANAS DE SAN ANGEL,100%,4057,2648,58,29,12
07,BOYACA,07226,SABOYA,100%,5118,2149,120,89,7
07,BOYACA,07232,SACHICA,100%,2313,1021,62,29,1
46,CASANARE,46815,SACAMA,100%,449,754,24,4,4
19,HUILA,19067,SALADOBLANCO,100%,5776,1377,89,24,6
09,CALDAS,09109,SALAMINA,100%,5713,2327,174,153,31
13,CORDOBA,13037,SAHAGUN,100%,21907,30173,471,295,47
21,MAGDALENA,21067,SALAMINA,100%,2304,2765,48,16,6
25,NORTE DE SAN,25073,SALAZAR,100%,5397,596,68,21,10
29,TOLIMA,29105,SALDAÑA,100%,5197,2931,108,73,15
26,QUINDIO,26090,SALENTO,100%,2662,1243,65,48,4
01,ANTIOQUIA,01220,SALGAR,100%,6243,724,76,43,22
07,BOYACA,07235,SAMACA,100%,7955,3497,177,129,12
23,NARIÑO,23115,SAMANIEGO,100%,2226,14289,206,151,25
09,CALDAS,09115,SAMANA,100%,7278,2155,160,143,34
28,SUCRE,28160,SAMPUES,100%,8031,15913,203,145,45
19,HUILA,19070,SAN AGUSTIN,100%,11191,6483,266,122,46
12,CESAR,12800,SAN ALBERTO,100%,6418,5937,135,132,15
01,ANTIOQUIA,01223,SAN ANDRES,100%,1828,677,97,45,17
56,SAN ANDRES,56001,SAN ANDRES,100%,9316,11223,500,72,31
27,SANTANDER,27175,SAN ANDRES,100%,3284,890,50,40,12
13,CORDOBA,13040,SAN ANDRES DE SOTAVENTO,100%,7194,14114,153,101,39
29,TOLIMA,29106,SAN ANTONIO,100%,4361,1497,62,48,11
15,CUNDINAMARCA,15220,SAN ANTONIO DEL TEQUENDAMA,100%,4177,2520,81,46,3
13,CORDOBA,13043,SAN ANTERO,100%,7208,8112,142,61,30
27,SANTANDER,27178,SAN BENITO,100%,1339,254,8,3,1
15,CUNDINAMARCA,15223,SAN BERNARDO,100%,3220,1683,40,26,6
28,SUCRE,28180,SAN BENITO ABAD,100%,5821,6934,57,40,16
23,NARIÑO,23120,SAN BERNARDO,100%,2299,2625,93,53,9
13,CORDOBA,13046,SAN BERNARDO DEL VIENTO,100%,5173,10232,122,49,25
25,NORTE DE SAN,25076,SAN CALIXTO,100%,566,4409,56,31,5
01,ANTIOQUIA,01226,SAN CARLOS,100%,7152,1937,146,44,25
13,CORDOBA,13049,SAN CARLOS,100%,6330,6105,101,50,28
52,META,52055,SAN CARLOS DE GUAROA,100%,4050,2439,86,106,7
15,CUNDINAMARCA,15226,SAN CAYETANO,100%,2310,388,36,6,3
25,NORTE DE SAN,25079,SAN CAYETANO,100%,4325,775,41,23,5
05,BOLIVAR,05072,SAN CRISTOBAL,100%,1786,3039,42,5,5
12,CESAR,12850,SAN DIEGO,100%,5510,5069,123,69,12
05,BOLIVAR,05070,SAN ESTANISLAO,100%,5070,4260,99,36,18
07,BOYACA,07237,SAN EDUARDO,100%,711,333,21,8,1
05,BOLIVAR,05073,SAN FERNANDO,100%,2636,2129,23,15,9
50,GUAINIA,50092,SAN FELIPE,100%,126,136,2,0,0
01,ANTIOQUIA,01227,SAN FRANCISCO,100%,2561,591,25,14,11
64,PUTUMAYO,64013,SAN FRANCISCO,100%,996,2380,46,20,6
15,CUNDINAMARCA,15229,SAN FRANCISCO,100%,4735,1923,105,53,6
27,SANTANDER,27181,SAN GIL,100%,23161,10758,530,218,24
05,BOLIVAR,05076,SAN JACINTO,100%,6710,6493,95,47,12
05,BOLIVAR,05078,SAN JACINTO DEL CAUCA,100%,2432,1345,23,5,4
09,CALDAS,09120,SAN JOSE,100%,1912,925,54,34,11
01,ANTIOQUIA,01229,SAN JERONIMO,100%,6172,1882,149,85,23
27,SANTANDER,27184,SAN JOAQUIN,100%,1156,227,15,8,0
27,SANTANDER,27187,SAN JOSE DE MIRANDA,100%,2696,436,41,21,2
01,ANTIOQUIA,01230,SAN JOSE DE LA MONTAÑA,100%,1358,307,49,18,7
07,BOYACA,07238,SAN JOSE DE PARE,100%,2779,677,25,14,9
13,CORDOBA,13052,SAN JOSE DE URE,100%,945,4163,44,16,5
44,CAQUETA,44020,SAN JOSE DEL FRAGUA,100%,3310,2861,140,98,15
54,GUAVIARE,54001,SAN JOSE DEL GUAVIARE,100%,15293,12566,774,567,93
17,CHOCO,17037,SAN JOSE DEL PALMAR,100%,656,1447,49,46,13
52,META,52058,SAN JUAN DE ARAMA,100%,2240,1678,60,45,5
28,SUCRE,28190,SAN JUAN DE BETULIA (BETULIA),100%,3492,4925,77,21,5
01,ANTIOQUIA,01231,SAN JUAN DE URABA,100%,5803,4318,128,32,28
48,LA GUAJIRA,48013,SAN JUAN DEL CESAR,100%,12729,9228,219,141,19
15,CUNDINAMARCA,15232,SAN JUAN DE RIOSECO,100%,4020,1737,57,30,7
05,BOLIVAR,05079,SAN JUAN NEPOMUCENO,100%,9941,7728,198,85,28
52,META,52059,SAN JUANITO,100%,731,174,16,12,1
23,NARIÑO,23121,SAN LORENZO,100%,3442,5970,144,204,26
01,ANTIOQUIA,01232,SAN LUIS,100%,5866,1404,101,34,15
29,TOLIMA,29109,SAN LUIS,100%,6202,1944,60,50,11
07,BOYACA,07241,SAN LUIS DE GACENO,100%,2451,372,34,16,3
28,SUCRE,28200,SAN MARCOS,100%,11180,15096,229,129,47
46,CASANARE,46830,SAN LUIS DE PALENQUE,100%,3951,709,59,29,5
12,CESAR,12875,SAN MARTIN,100%,7667,5120,167,186,20
52,META,52060,SAN MARTIN DE LOS LLANOS,100%,8153,4093,179,181,14
05,BOLIVAR,05082,SAN MARTIN DE LOBA,100%,3446,3315,33,27,8
07,BOYACA,07247,SAN MATEO,100%,1881,280,27,7,3
27,SANTANDER,27190,SAN MIGUEL,100%,1158,280,15,6,2
64,PUTUMAYO,64018,SAN MIGUEL (LA DORADA),100%,1085,8355,119,91,20
07,BOYACA,07248,SAN MIGUEL DE SEMA,100%,1498,517,29,15,2
28,SUCRE,28220,SAN ONOFRE,100%,6205,16242,141,92,39
05,BOLIVAR,05084,SAN PABLO,100%,4809,6645,130,79,22
23,NARIÑO,23124,SAN PABLO,100%,1107,7442,157,169,19
07,BOYACA,07249,SAN PABLO DE BORBUR,100%,3257,612,38,21,0
01,ANTIOQUIA,01235,SAN PEDRO,100%,12054,3272,399,190,22
28,SUCRE,28240,SAN PEDRO,100%,4922,5916,82,30,11
23,NARIÑO,23123,SAN PEDRO DE CARTAGO,100%,2135,1811,80,62,13
31,VALLE,31094,SAN PEDRO,100%,3660,5420,110,81,11
01,ANTIOQUIA,01237,SAN PEDRO DE URABA,100%,10061,3782,188,56,36
13,CORDOBA,13055,SAN PELAYO,100%,11358,13661,177,87,28
01,ANTIOQUIA,01238,SAN RAFAEL,100%,6167,1845,147,71,30
01,ANTIOQUIA,01241,SAN ROQUE,100%,7385,1800,160,79,32
11,CAUCA,11073,SAN SEBASTIAN,100%,852,3823,56,42,24
21,MAGDALENA,21070,SAN SEBASTIAN DE BUENAVISTA,100%,5725,4055,60,20,17
01,ANTIOQUIA,01244,SAN VICENTE,100%,10278,1877,191,83,31
21,MAGDALENA,21073,SAN ZENON,100%,3041,2232,31,6,5
27,SANTANDER,27193,SAN VICENTE DE CHUCURI,100%,12234,3659,222,151,18
44,CAQUETA,44010,SAN VICENTE DEL CAGUAN,100%,10620,19074,979,537,133
23,NARIÑO,23118,SANDONA,100%,3202,9121,128,134,20
21,MAGDALENA,21076,SANTA ANA,100%,7368,3115,75,37,10
27,SANTANDER,27195,SANTA BARBARA,100%,1444,246,19,10,1
23,NARIÑO,23125,SANTA BARBARA (ISCUANDE),100%,200,4684,45,58,1
01,ANTIOQUIA,01247,SANTA BARBARA,100%,8662,3810,233,159,41
05,BOLIVAR,05091,SANTA CATALINA,100%,1857,5675,61,12,14
21,MAGDALENA,21078,SANTA BARBARA DE PINTO,100%,2126,2992,33,23,7
27,SANTANDER,27194,SANTA HELENA DEL OPON,100%,1862,251,30,7,3
03,ATLANTICO,03047,SANTA LUCIA,100%,4550,2182,42,23,10
07,BOYACA,07251,SANTA MARIA,100%,1282,776,34,25,4
29,TOLIMA,29112,SANTA ISABEL,100%,2384,698,38,29,4
19,HUILA,19074,SANTA MARIA,100%,4592,1101,89,26,2
21,MAGDALENA,21001,SANTA MARTA,100%,97476,145942,3489,1432,123
05,BOLIVAR,05094,SANTA ROSA,100%,2374,7292,81,47,17
11,CAUCA,11079,SANTA ROSA,100%,724,1845,26,17,3
24,RISARALDA,24086,SANTA ROSA DE CABAL,100%,25850,17643,967,695,97
01,ANTIOQUIA,01250,SANTA ROSA DE OSOS,100%,13415,3677,454,283,66
07,BOYACA,07253,SANTA ROSA DE VITERBO,100%,4330,2274,100,53,9
05,BOLIVAR,05095,SANTA ROSA DEL SUR,100%,12161,3773,285,130,24
72,VICHADA,72002,SANTA ROSALIA,100%,1473,443,22,11,0
07,BOYACA,07256,SANTA SOFIA,100%,1875,399,27,20,3
23,NARIÑO,23127,SANTACRUZ (GUACHAVES),100%,620,5074,70,29,16
07,BOYACA,07250,SANTANA,100%,3320,1126,39,25,3
11,CAUCA,11076,SANTANDER DE QUILICHAO,100%,15831,45798,875,904,127
25,NORTE DE SAN,25082,SANTIAGO,100%,1984,314,16,9,1
64,PUTUMAYO,64016,SANTIAGO,100%,876,3432,40,18,10
01,ANTIOQUIA,01253,SANTO DOMINGO,100%,4516,1164,99,73,19
03,ATLANTICO,03049,SANTO TOMAS,100%,5482,11140,139,64,13
01,ANTIOQUIA,01256,SANTUARIO,100%,19355,3195,327,149,28
24,RISARALDA,24094,SANTUARIO,100%,4187,1691,121,91,37
23,NARIÑO,23130,SAPUYES,100%,1291,3008,37,36,3
40,ARAUCA,40025,SARAVENA,100%,10686,11841,475,396,58
25,NORTE DE SAN,25085,SARDINATA,100%,10231,1313,108,67,22
15,CUNDINAMARCA,15235,SASAIMA,100%,4557,1897,74,67,4
07,BOYACA,07259,SATIVANORTE,100%,1314,222,19,8,1
07,BOYACA,07262,SATIVASUR,100%,582,190,10,6,1
01,ANTIOQUIA,01259,SEGOVIA,100%,4826,10036,521,200,43
15,CUNDINAMARCA,15238,SESQUILE,100%,3642,3601,155,133,13
31,VALLE,31097,SEVILLA,100%,10421,9715,382,379,61
07,BOYACA,07265,SIACHOQUE,100%,3129,1171,53,44,12
15,CUNDINAMARCA,15239,SIBATE,100%,9025,10706,335,259,17
64,PUTUMAYO,64019,SIBUNDOY,100%,1876,6304,93,43,11
25,NORTE DE SAN,25088,SILOS,100%,3180,154,31,7,5
15,CUNDINAMARCA,15241,SILVANIA,100%,9142,4901,190,142,18
27,SANTANDER,27196,SIMACOTA,100%,3437,983,50,32,2
11,CAUCA,11082,SILVIA,100%,3012,13726,198,282,51
15,CUNDINAMARCA,15244,SIMIJACA,100%,4971,2213,123,77,9
05,BOLIVAR,05097,SIMITI,100%,4933,2842,87,44,8
28,SUCRE,28260,SINCE,100%,7809,8324,154,110,19
28,SUCRE,28001,SINCELEJO,100%,53867,89562,1651,892,155
17,CHOCO,17040,SIPI,100%,156,1511,10,21,6
21,MAGDALENA,21079,SITIONUEVO,100%,3626,6651,74,82,16
15,CUNDINAMARCA,15247,SOACHA,100%,90273,175011,4413,3179,113
07,BOYACA,07268,SOATA,100%,3541,1686,63,63,8
07,BOYACA,07274,SOCHA,100%,2853,1469,62,61,4
27,SANTANDER,27199,SOCORRO,100%,13409,4362,249,87,11
07,BOYACA,07271,SOCOTA,100%,2837,728,32,36,8
07,BOYACA,07277,SOGAMOSO,100%,38009,35358,1358,780,47
44,CAQUETA,44022,SOLANO,100%,1048,3398,102,39,20
03,ATLANTICO,03052,SOLEDAD,100%,63916,136134,1873,737,379
44,CAQUETA,44024,SOLITA,100%,1605,1465,93,65,18
07,BOYACA,07280,SOMONDOCO,100%,1382,509,19,15,4
01,ANTIOQUIA,01262,SONSON,100%,14596,2589,277,164,37
01,ANTIOQUIA,01265,SOPETRAN,100%,5732,2359,126,63,21
05,BOLIVAR,05106,SOPLAVIENTO,100%,1298,4575,36,16,10
15,CUNDINAMARCA,15250,SOPO,100%,7334,9055,381,191,8
07,BOYACA,07281,SORA,100%,1352,797,41,23,4
07,BOYACA,07282,SORACA,100%,2893,1643,50,49,9
07,BOYACA,07283,SOTAQUIRA,100%,3133,1494,56,57,17
11,CAUCA,11085,SOTARA (PAISPAMBA),100%,1528,3633,89,59,10
27,SANTANDER,27202,SUAITA,100%,4673,1003,73,45,7
03,ATLANTICO,03055,SUAN,100%,3672,2216,63,19,3
11,CAUCA,11087,SUAREZ,100%,3751,9318,322,648,49
29,TOLIMA,29115,SUAREZ,100%,2223,879,25,27,8
15,CUNDINAMARCA,15256,SUBACHOQUE,100%,7095,2904,203,127,3
19,HUILA,19076,SUAZA,100%,7711,2768,141,99,32
11,CAUCA,11086,SUCRE,100%,280,4178,62,65,9
27,SANTANDER,27205,SUCRE,100%,2806,560,33,15,3
28,SUCRE,28280,SUCRE,100%,6919,4416,85,25,20
88,CONSULADOS,88745,SUDAFRICA,100%,67,36,1,0,0
88,CONSULADOS,88755,SUECIA,100%,542,992,28,1,1
15,CUNDINAMARCA,15259,SUESCA,100%,3814,5110,191,171,17
88,CONSULADOS,88760,SUIZA,100%,2239,2257,82,4,2
15,CUNDINAMARCA,15262,SUPATA,100%,2558,656,43,17,10
09,CALDAS,09124,SUPIA,100%,7518,5780,297,428,44
27,SANTANDER,27208,SURATA,100%,1979,451,35,19,2
15,CUNDINAMARCA,15265,SUSA,100%,3073,1029,74,23,7
07,BOYACA,07286,SUSACON,100%,1287,286,21,11,9
07,BOYACA,07289,SUTAMARCHAN,100%,3316,1256,75,31,6
15,CUNDINAMARCA,15268,SUTATAUSA,100%,2239,940,70,39,4
07,BOYACA,07292,SUTATENZA,100%,1895,836,40,33,7
15,CUNDINAMARCA,15271,TABIO,100%,8154,5905,315,176,6
17,CHOCO,17043,TADO,100%,1525,6002,81,216,30
88,CONSULADOS,88765,TAILANDIA,100%,56,57,2,1,0
05,BOLIVAR,05110,TALAIGUA NUEVO,100%,3599,2501,42,9,6
12,CESAR,12900,TAMALAMEQUE,100%,3026,3166,39,29,7
46,CASANARE,46840,TAMARA,100%,2484,565,40,14,10
40,ARAUCA,40005,TAME,100%,13643,8541,477,345,68
01,ANTIOQUIA,01268,TAMESIS,100%,6343,2753,170,76,35
23,NARIÑO,23133,TAMINANGO,100%,1677,8728,95,49,53
23,NARIÑO,23136,TANGUA,100%,1815,5331,50,50,11
68,VAUPES,68017,TARAIRA,100%,121,341,3,1,2
60,AMAZONAS,60022,TARAPACA,100%,132,456,24,8,1
01,ANTIOQUIA,01270,TARAZA,100%,3029,5938,164,120,44
19,HUILA,19079,TARQUI,100%,6424,2171,134,52,8
01,ANTIOQUIA,01271,TARSO,100%,2212,1010,51,19,9
07,BOYACA,07298,TASCO,100%,2227,1023,35,25,1
46,CASANARE,46850,TAURAMENA,100%,10893,4043,251,208,16
15,CUNDINAMARCA,15274,TAUSA,100%,3792,965,114,56,3
15,CUNDINAMARCA,15277,TENA,100%,3610,1921,74,28,6
19,HUILA,19082,TELLO,100%,4983,2307,128,111,25
21,MAGDALENA,21085,TENERIFE,100%,2691,3774,62,19,11
15,CUNDINAMARCA,15280,TENJO,100%,8527,6157,381,248,22
07,BOYACA,07301,TENZA,100%,1797,669,46,15,3
19,HUILA,19085,TERUEL,100%,3377,894,42,23,7
25,NORTE DE SAN,25091,TEORAMA,100%,1004,6016,89,56,11
19,HUILA,19025,TESALIA (CARNICERIAS),100%,4512,1349,71,58,10
15,CUNDINAMARCA,15283,TIBACUY,100%,1844,1232,37,24,6
07,BOYACA,07304,TIBANA,100%,3652,1271,53,38,8
07,BOYACA,07307,TIBASOSA,100%,3795,3676,103,82,5
25,NORTE DE SAN,25093,TIBU,100%,12065,8204,432,258,47
15,CUNDINAMARCA,15286,TIBIRITA,100%,1384,610,21,15,5
13,CORDOBA,13058,TIERRALTA,100%,13482,24717,412,235,49
19,HUILA,19088,TIMANA,100%,8437,2662,151,84,13
11,CAUCA,11088,TIMBIO,100%,7362,13067,355,353,43
11,CAUCA,11091,TIMBIQUI,100%,254,10101,16,26,1
07,BOYACA,07310,TINJACA,100%,1526,858,34,16,3
07,BOYACA,07311,TIPACOQUE,100%,1747,484,17,15,6
05,BOLIVAR,05113,TIQUISIO (PTO. RICO),100%,3518,3264,76,22,13
01,ANTIOQUIA,01274,TITIRIBI,100%,3204,1161,79,41,11
07,BOYACA,07313,TOCA,100%,3567,2014,112,76,7
15,CUNDINAMARCA,15289,TOCAIMA,100%,4961,2707,95,68,6
15,CUNDINAMARCA,15292,TOCANCIPA,100%,12422,21023,679,534,13
07,BOYACA,07316,TOGUI,100%,2129,556,27,20,5
01,ANTIOQUIA,01277,TOLEDO,100%,1331,646,90,50,13
25,NORTE DE SAN,25094,TOLEDO,100%,7364,1054,124,51,15
28,SUCRE,28300,TOLU,100%,3774,12643,103,87,14
28,SUCRE,28320,TOLUVIEJO,100%,5199,8457,104,44,20
27,SANTANDER,27211,TONA,100%,3384,638,46,42,6
07,BOYACA,07319,TOPAGA,100%,1853,716,45,21,5
15,CUNDINAMARCA,15295,TOPAIPI,100%,2062,452,29,11,5
11,CAUCA,11094,TORIBIO,100%,1001,16826,131,118,25
31,VALLE,31100,TORO,100%,4642,2088,97,94,12
07,BOYACA,07322,TOTA,100%,2202,617,17,20,15
11,CAUCA,11097,TOTORO,100%,1148,8488,71,94,13
46,CASANARE,46865,TRINIDAD,100%,5407,1166,68,53,18
88,CONSULADOS,88785,TRINIDAD Y TOBAGO,100%,114,47,3,1,0
31,VALLE,31103,TRUJILLO,100%,5744,3578,162,112,18
03,ATLANTICO,03058,TUBARA,100%,2552,4890,42,22,6
13,CORDOBA,13060,TUCHIN,100%,6375,11745,121,132,57
23,NARIÑO,23139,TUMACO,100%,8731,76219,756,917,146
31,VALLE,31106,TULUA,100%,49177,53789,1745,1172,106
07,BOYACA,07001,TUNJA,100%,47609,57709,2210,1138,49
23,NARIÑO,23142,TUQUERRES,100%,4588,20310,212,257,48
07,BOYACA,07324,TUNUNGUA,100%,775,279,8,7,0
01,ANTIOQUIA,01280,TURBO,100%,17449,35181,753,416,90
05,BOLIVAR,05118,TURBACO,100%,14803,30272,573,159,43
05,BOLIVAR,05121,TURBANA,100%,2665,7877,71,22,9
88,CONSULADOS,88770,TURQUIA,100%,88,153,5,0,0
07,BOYACA,07325,TURMEQUE,100%,2656,1199,86,40,6
07,BOYACA,07328,TUTA,100%,3639,2559,102,59,11
07,BOYACA,07331,TUTAZA,100%,1031,433,24,13,0
15,CUNDINAMARCA,15301,UBAQUE,100%,3357,1242,58,52,6
15,CUNDINAMARCA,15298,UBALA,100%,4135,1140,66,31,16
15,CUNDINAMARCA,15304,UBATE,100%,17178,9191,607,426,18
07,BOYACA,07334,UMBITA,100%,3294,798,43,14,5
31,VALLE,31109,ULLOA,100%,1475,1359,32,41,9
15,CUNDINAMARCA,15307,UNE,100%,3598,1344,87,46,2
17,CHOCO,17048,UNGUIA,100%,1698,3204,54,19,10
17,CHOCO,17060,UNION PANAMERICANA (LAS ANIMAS,100%,653,2378,24,58,5
48,LA GUAJIRA,48016,URIBIA,100%,14052,22343,318,719,246
01,ANTIOQUIA,01282,URAMITA,100%,2509,913,51,35,6
52,META,52074,URIBE,100%,619,5325,74,48,4
88,CONSULADOS,88805,URUGUAY,100%,390,384,11,2,0
48,LA GUAJIRA,48018,URUMITA,100%,2398,3756,65,16,4
01,ANTIOQUIA,01283,URRAO,100%,8951,2895,226,109,36
03,ATLANTICO,03061,USIACURI,100%,1799,4089,30,32,10
15,CUNDINAMARCA,15316,UTICA,100%,2994,458,32,16,4
01,ANTIOQUIA,01286,VALDIVIA,100%,2183,2394,80,57,28
13,CORDOBA,13061,VALENCIA,100%,7787,7983,129,52,32
27,SANTANDER,27217,VALLE DE SAN JOSE,100%,3266,864,49,16,4
29,TOLIMA,29118,VALLE DE SAN JUAN,100%,2577,569,24,14,3
64,PUTUMAYO,64028,VALLE DEL GUAMUEZ (LA HORMIGA),100%,2184,16832,222,122,29
01,ANTIOQUIA,01289,VALPARAISO,100%,2273,1098,58,32,9
12,CESAR,12001,VALLEDUPAR,100%,98277,111694,2790,1521,164
01,ANTIOQUIA,01290,VEGACHI,100%,4600,1203,182,62,26
44,CAQUETA,44040,VALPARAISO,100%,1973,875,63,60,6
27,SANTANDER,27220,VELEZ,100%,7277,3851,153,100,12
01,ANTIOQUIA,01292,VENECIA,100%,4928,1373,84,37,11
29,TOLIMA,29121,VENADILLO,100%,4037,3103,55,57,13
15,CUNDINAMARCA,15318,VENECIA,100%,1419,954,25,8,2
07,BOYACA,07337,VENTAQUEMADA,100%,5031,2968,118,87,12
88,CONSULADOS,88815,VENEZUELA,100%,19682,4911,110,52,32
15,CUNDINAMARCA,15319,VERGARA,100%,3671,896,57,29,6
31,VALLE,31112,VERSALLES,100%,2994,1037,71,51,5
27,SANTANDER,27219,VETAS,100%,998,62,15,7,0
15,CUNDINAMARCA,15322,VIANI,100%,2122,864,32,14,2
09,CALDAS,09127,VICTORIA,100%,3313,1492,67,85,17
01,ANTIOQUIA,01291,VIGIA DEL FUERTE,100%,522,2493,12,12,9
31,VALLE,31115,VIJES,100%,2620,4631,63,31,7
07,BOYACA,07139,VILLA DE LEIVA,100%,6434,4000,216,81,9
25,NORTE DE SAN,25097,VILLA CARO,100%,2488,204,21,13,3
25,NORTE DE SAN,25100,VILLA DEL ROSARIO,100%,41417,7085,522,255,32
11,CAUCA,11098,VILLA RICA,100%,1195,9556,86,159,13
64,PUTUMAYO,64030,VILLAGARZON,100%,3573,9996,210,150,38
15,CUNDINAMARCA,15323,VILLAGOMEZ,100%,1002,364,15,10,1
29,TOLIMA,29124,VILLAHERMOSA,100%,2539,1073,65,60,12
09,CALDAS,09130,VILLAMARIA,100%,17700,15021,747,596,49
46,CASANARE,46880,VILLANUEVA,100%,13050,6873,354,419,25
05,BOLIVAR,05124,VILLANUEVA,100%,4044,5216,88,59,25
27,SANTANDER,27221,VILLANUEVA,100%,4342,1003,83,36,6
15,CUNDINAMARCA,15325,VILLAPINZON,100%,9087,2247,222,108,8
48,LA GUAJIRA,48020,VILLANUEVA,100%,5397,6317,121,109,11
29,TOLIMA,29127,VILLARRICA,100%,2296,700,23,14,7
52,META,52001,VILLAVICENCIO,100%,167359,103654,4141,2541,151
15,CUNDINAMARCA,15328,VILLETA,100%,12552,4683,255,134,17
19,HUILA,19091,VILLAVIEJA,100%,2394,2034,44,33,9
15,CUNDINAMARCA,15331,VIOTA,100%,4677,3021,74,54,13
07,BOYACA,07340,VIRACACHA,100%,1452,325,18,11,2
52,META,52080,VISTA HERMOSA,100%,4631,3942,165,165,24
09,CALDAS,09133,VITERBO,100%,5600,2285,111,100,15
23,NARIÑO,23145,YACUANQUER,100%,1614,5136,69,68,11
15,CUNDINAMARCA,15334,YACOPI,100%,5200,980,51,35,12
19,HUILA,19094,YAGUARA,100%,3301,1761,73,53,6
01,ANTIOQUIA,01293,YALI,100%,2265,727,62,22,14
01,ANTIOQUIA,01295,YARUMAL,100%,12617,4985,508,285,70
01,ANTIOQUIA,01298,YOLOMBO,100%,6166,2071,177,76,38
68,VAUPES,68022,YAVARATE,100%,32,348,2,3,1
01,ANTIOQUIA,01300,YONDO-CASABE,100%,5186,4941,166,172,21
46,CASANARE,46001,YOPAL,100%,63427,32592,1672,1031,94
31,VALLE,31118,YOTOCO,100%,3502,5808,124,92,19
31,VALLE,31121,YUMBO,100%,17688,53074,788,426,60
27,SANTANDER,27223,ZAPATOCA,100%,4372,1338,99,30,8
05,BOLIVAR,05127,ZAMBRANO,100%,1355,4610,29,22,8
21,MAGDALENA,21090,ZAPAYAN,100%,3467,1618,33,5,15
01,ANTIOQUIA,01301,ZARAGOZA,100%,3614,5276,182,150,37
31,VALLE,31124,ZARZAL,100%,7815,16180,279,201,17
07,BOYACA,07346,ZETAQUIRA,100%,2337,820,40,13,2
15,CUNDINAMARCA,15337,ZIPACON,100%,1823,1172,51,46,6
15,CUNDINAMARCA,15340,ZIPAQUIRA,100%,36062,49918,1808,1051,45
21,MAGDALENA,21095,ZONA BANANERA (SEVILLA),100%,5596,20814,234,175,33
