cod_depto,nombre_depto,cod_mpio,nombre_mpio,mesas_informadas_pct,votos_abelardo_ganador,votos_cepeda_ganador,votos_blanco,votos_nulos,tarjetones_no_marcados
01,Departamento 01,01004,ABEJORRAL,100%,7216,0,0,0,0
01,Departamento 01,01007,ABRIAQUI,100%,1011,0,0,0,0
01,Departamento 01,01010,ALEJANDRIA,100%,2450,0,0,0,0
01,Departamento 01,01013,AMAGA,100%,8746,0,0,0,0
01,Departamento 01,01016,AMALFI,100%,6352,0,0,0,0
01,Departamento 01,01019,ANDES,100%,15574,0,0,0,0
01,Departamento 01,01022,ANGELOPOLIS,100%,2365,0,0,0,0
01,Departamento 01,01025,ANGOSTURA,100%,3959,0,0,0,0
01,Departamento 01,01028,ANORI,100%,0,3849,0,0,0
01,Departamento 01,01031,ANTIOQUIA,100%,8535,0,0,0,0
01,Departamento 01,01034,ANZA,100%,2837,0,0,0,0
01,Departamento 01,01035,APARTADO,100%,0,41593,0,0,0
01,Departamento 01,01037,ARBOLETES,100%,6990,0,0,0,0
01,Departamento 01,01039,ARGELIA,100%,3006,0,0,0,0
01,Departamento 01,01040,ARMENIA,100%,1923,0,0,0,0
01,Departamento 01,01043,BARBOSA,100%,15604,0,0,0,0
01,Departamento 01,01049,BELLO,100%,144162,0,0,0,0
01,Departamento 01,01046,BELMIRA,100%,2509,0,0,0,0
01,Departamento 01,01052,BETANIA,100%,3415,0,0,0,0
01,Departamento 01,01055,BETULIA,100%,5607,0,0,0,0
01,Departamento 01,01058,BOLIVAR,100%,10287,0,0,0,0
01,Departamento 01,01062,BRICEÑO,100%,1588,0,0,0,0
01,Departamento 01,01061,BURITICA,100%,2713,0,0,0,0
01,Departamento 01,01064,CACERES,100%,0,5764,0,0,0
01,Departamento 01,01067,CAICEDO,100%,2788,0,0,0,0
01,Departamento 01,01070,CALDAS,100%,28848,0,0,0,0
01,Departamento 01,01073,CAMPAMENTO,100%,2227,0,0,0,0
01,Departamento 01,01076,CAÑASGORDAS,100%,6839,0,0,0,0
01,Departamento 01,01078,CARACOLI,100%,1658,0,0,0,0
01,Departamento 01,01079,CARAMANTA,100%,2152,0,0,0,0
01,Departamento 01,01080,CAREPA,100%,0,16044,0,0,0
01,Departamento 01,01082,CARMEN DE VIBORAL,100%,23928,0,0,0,0
01,Departamento 01,01085,CAROLINA,100%,1883,0,0,0,0
01,Departamento 01,01088,CAUCASIA,100%,0,24556,0,0,0
01,Departamento 01,01106,CHIGORODO,100%,0,17140,0,0,0
01,Departamento 01,01091,CISNEROS,100%,4575,0,0,0,0
01,Departamento 01,01094,COCORNA,100%,7935,0,0,0,0
01,Departamento 01,01097,CONCEPCION,100%,2546,0,0,0,0
01,Departamento 01,01100,CONCORDIA,100%,6379,0,0,0,0
01,Departamento 01,01103,COPACABANA,100%,28709,0,0,0,0
01,Departamento 01,01109,DABEIBA,100%,5194,0,0,0,0
01,Departamento 01,01112,DON MATIAS,100%,8160,0,0,0,0
01,Departamento 01,01115,EBEJICO,100%,5020,0,0,0,0
01,Departamento 01,01117,EL BAGRE,100%,0,10709,0,0,0
01,Departamento 01,01118,ENTRERRIOS,100%,4749,0,0,0,0
01,Departamento 01,01121,ENVIGADO,100%,126432,0,0,0,0
01,Departamento 01,01124,FREDONIA,100%,6770,0,0,0,0
01,Departamento 01,01127,FRONTINO,100%,4832,0,0,0,0
01,Departamento 01,01130,GIRALDO,100%,1902,0,0,0,0
01,Departamento 01,01133,GIRARDOTA,100%,20635,0,0,0,0
01,Departamento 01,01136,GOMEZ PLATA,100%,4070,0,0,0,0
01,Departamento 01,01139,GRANADA,100%,5316,0,0,0,0
01,Departamento 01,01140,GUADALUPE,100%,0,1804,0,0,0
01,Departamento 01,01142,GUARNE,100%,23505,0,0,0,0
01,Departamento 01,01145,GUATAPE,100%,4816,0,0,0,0
01,Departamento 01,01148,HELICONIA,100%,2438,0,0,0,0
01,Departamento 01,01150,HISPANIA,100%,2242,0,0,0,0
01,Departamento 01,01151,ITAGUI,100%,109001,0,0,0,0
01,Departamento 01,01154,ITUANGO,100%,3067,0,0,0,0
01,Departamento 01,01157,JARDIN,100%,6478,0,0,0,0
01,Departamento 01,01160,JERICO,100%,5634,0,0,0,0
01,Departamento 01,01163,LA CEJA,100%,33830,0,0,0,0
01,Departamento 01,01166,LA ESTRELLA,100%,28378,0,0,0,0
01,Departamento 01,01170,LA PINTADA,100%,2715,0,0,0,0
01,Departamento 01,01169,LA UNION,100%,10805,0,0,0,0
01,Departamento 01,01172,LIBORINA,100%,4466,0,0,0,0
01,Departamento 01,01175,MACEO,100%,3650,0,0,0,0
01,Departamento 01,01178,MARINILLA,100%,28755,0,0,0,0
01,Departamento 01,01001,MEDELLIN,100%,819285,0,0,0,0
01,Departamento 01,01181,MONTEBELLO,100%,2782,0,0,0,0
01,Departamento 01,01184,MURINDO,100%,0,1994,0,0,0
01,Departamento 01,01187,MUTATA,100%,0,4329,0,0,0
01,Departamento 01,01190,NARIÑO,100%,3833,0,0,0,0
01,Departamento 01,01191,NECHI,100%,5096,0,0,0,0
01,Departamento 01,01192,NECOCLI,100%,11647,0,0,0,0
01,Departamento 01,01193,OLAYA,100%,1438,0,0,0,0
01,Departamento 01,01196,PEÑOL,100%,10194,0,0,0,0
01,Departamento 01,01199,PEQUE,100%,2264,0,0,0,0
01,Departamento 01,01202,PUEBLORRICO,100%,3350,0,0,0,0
01,Departamento 01,01205,PUERTO BERRIO,100%,9100,0,0,0,0
01,Departamento 01,01168,PUERTO NARE-LA MAGDALENA,100%,3302,0,0,0,0
01,Departamento 01,01206,PUERTO TRIUNFO,100%,6025,0,0,0,0
01,Departamento 01,01208,REMEDIOS,100%,0,6285,0,0,0
01,Departamento 01,01211,RETIRO,100%,14610,0,0,0,0
01,Departamento 01,01214,RIONEGRO,100%,74165,0,0,0,0
01,Departamento 01,01217,SABANALARGA,100%,3410,0,0,0,0
01,Departamento 01,01218,SABANETA,100%,52751,0,0,0,0
01,Departamento 01,01220,SALGAR,100%,6243,0,0,0,0
01,Departamento 01,01223,SAN ANDRES,100%,1828,0,0,0,0
01,Departamento 01,01226,SAN CARLOS,100%,7152,0,0,0,0
01,Departamento 01,01227,SAN FRANCISCO,100%,2561,0,0,0,0
01,Departamento 01,01229,SAN JERONIMO,100%,6172,0,0,0,0
01,Departamento 01,01230,SAN JOSE DE LA MONTAÑA,100%,1358,0,0,0,0
01,Departamento 01,01231,SAN JUAN DE URABA,100%,5803,0,0,0,0
01,Departamento 01,01232,SAN LUIS,100%,5866,0,0,0,0
01,Departamento 01,01235,SAN PEDRO,100%,12054,0,0,0,0
01,Departamento 01,01237,SAN PEDRO DE URABA,100%,10061,0,0,0,0
01,Departamento 01,01238,SAN RAFAEL,100%,6167,0,0,0,0
01,Departamento 01,01241,SAN ROQUE,100%,7385,0,0,0,0
01,Departamento 01,01244,SAN VICENTE,100%,10278,0,0,0,0
01,Departamento 01,01247,SANTA BARBARA,100%,8662,0,0,0,0
01,Departamento 01,01250,SANTA ROSA DE OSOS,100%,13415,0,0,0,0
01,Departamento 01,01253,SANTO DOMINGO,100%,4516,0,0,0,0
01,Departamento 01,01256,SANTUARIO,100%,19355,0,0,0,0
01,Departamento 01,01259,SEGOVIA,100%,0,10036,0,0,0
01,Departamento 01,01262,SONSON,100%,14596,0,0,0,0
01,Departamento 01,01265,SOPETRAN,100%,5732,0,0,0,0
01,Departamento 01,01268,TAMESIS,100%,6343,0,0,0,0
01,Departamento 01,01270,TARAZA,100%,0,5938,0,0,0
01,Departamento 01,01271,TARSO,100%,2212,0,0,0,0
01,Departamento 01,01274,TITIRIBI,100%,3204,0,0,0,0
01,Departamento 01,01277,TOLEDO,100%,1331,0,0,0,0
01,Departamento 01,01280,TURBO,100%,0,35181,0,0,0
01,Departamento 01,01282,URAMITA,100%,2509,0,0,0,0
01,Departamento 01,01283,URRAO,100%,8951,0,0,0,0
01,Departamento 01,01286,VALDIVIA,100%,0,2394,0,0,0
01,Departamento 01,01289,VALPARAISO,100%,2273,0,0,0,0
01,Departamento 01,01290,VEGACHI,100%,4600,0,0,0,0
01,Departamento 01,01292,VENECIA,100%,4928,0,0,0,0
01,Departamento 01,01291,VIGIA DEL FUERTE,100%,0,2493,0,0,0
01,Departamento 01,01293,YALI,100%,2265,0,0,0,0
01,Departamento 01,01295,YARUMAL,100%,12617,0,0,0,0
01,Departamento 01,01298,YOLOMBO,100%,6166,0,0,0,0
01,Departamento 01,01300,YONDO-CASABE,100%,5186,0,0,0,0
01,Departamento 01,01301,ZARAGOZA,100%,0,5276,0,0,0
03,Departamento 03,03004,BARANOA,100%,0,23514,0,0,0
03,Departamento 03,03001,BARRANQUILLA,100%,0,375178,0,0,0
03,Departamento 03,03007,CAMPO DE LA CRUZ,100%,6764,0,0,0,0
03,Departamento 03,03010,CANDELARIA,100%,4579,0,0,0,0
03,Departamento 03,03013,GALAPA,100%,0,19739,0,0,0
03,Departamento 03,03016,JUAN DE ACOSTA,100%,6644,0,0,0,0
03,Departamento 03,03019,LURUACO,100%,0,6915,0,0,0
03,Departamento 03,03022,MALAMBO,100%,0,40114,0,0,0
03,Departamento 03,03025,MANATI,100%,4995,0,0,0,0
03,Departamento 03,03028,PALMAR DE VARELA,100%,0,10125,0,0,0
03,Departamento 03,03031,PIOJO,100%,0,1883,0,0,0
03,Departamento 03,03034,POLONUEVO,100%,0,7171,0,0,0
03,Departamento 03,03035,PONEDERA,100%,0,6437,0,0,0
03,Departamento 03,03037,PUERTO COLOMBIA,100%,0,15357,0,0,0
03,Departamento 03,03040,REPELON,100%,0,6553,0,0,0
03,Departamento 03,03043,SABANAGRANDE,100%,0,10689,0,0,0
03,Departamento 03,03046,SABANALARGA,100%,0,32762,0,0,0
03,Departamento 03,03047,SANTA LUCIA,100%,4550,0,0,0,0
03,Departamento 03,03049,SANTO TOMAS,100%,0,11140,0,0,0
03,Departamento 03,03052,SOLEDAD,100%,0,136134,0,0,0
03,Departamento 03,03055,SUAN,100%,3672,0,0,0,0
03,Departamento 03,03058,TUBARA,100%,0,4890,0,0,0
03,Departamento 03,03061,USIACURI,100%,0,4089,0,0,0
05,Departamento 05,05004,ACHI,100%,7061,0,0,0,0
05,Departamento 05,05006,ALTOS DEL ROSARIO,100%,2556,0,0,0,0
05,Departamento 05,05005,ARENAL,100%,0,2292,0,0,0
05,Departamento 05,05007,ARJONA,100%,0,23546,0,0,0
05,Departamento 05,05009,ARROYO HONDO,100%,3525,0,0,0,0
05,Departamento 05,05010,BARRANCO DE LOBA,100%,3956,0,0,0,0
05,Departamento 05,05013,CALAMAR,100%,5847,0,0,0,0
05,Departamento 05,05014,CANTAGALLO,100%,0,3271,0,0,0
05,Departamento 05,05001,CARTAGENA,"99,96%",0,324123,0,0,0
05,Departamento 05,05015,CICUCO,100%,0,3631,0,0,0
05,Departamento 05,05018,CLEMENCIA,100%,0,4639,0,0,0
05,Departamento 05,05016,CORDOBA,100%,0,5131,0,0,0
05,Departamento 05,05022,EL CARMEN DE BOLIVAR,100%,19367,0,0,0,0
05,Departamento 05,05025,EL GUAMO,100%,2560,0,0,0,0
05,Departamento 05,05027,EL PEÑON,100%,1811,0,0,0,0
05,Departamento 05,05026,HATILLO DE LOBA,100%,4283,0,0,0,0
05,Departamento 05,05028,MAGANGUE,100%,0,34408,0,0,0
05,Departamento 05,05031,MAHATES,100%,0,6164,0,0,0
05,Departamento 05,05037,MARGARITA,100%,3466,0,0,0,0
05,Departamento 05,05040,MARIA LA BAJA,100%,0,14766,0,0,0
05,Departamento 05,05043,MOMPOS,100%,0,10744,0,0,0
05,Departamento 05,05041,MONTECRISTO,100%,0,2558,0,0,0
05,Departamento 05,05044,MORALES,100%,5325,0,0,0,0
05,Departamento 05,05050,NOROSI,100%,0,1788,0,0,0
05,Departamento 05,05059,PINILLOS,100%,6479,0,0,0,0
05,Departamento 05,05063,REGIDOR,100%,0,1639,0,0,0
05,Departamento 05,05065,RIOVIEJO,100%,2249,0,0,0,0
05,Departamento 05,05072,SAN CRISTOBAL,100%,0,3039,0,0,0
05,Departamento 05,05070,SAN ESTANISLAO,100%,5070,0,0,0,0
05,Departamento 05,05073,SAN FERNANDO,100%,2636,0,0,0,0
05,Departamento 05,05076,SAN JACINTO,100%,6710,0,0,0,0
05,Departamento 05,05078,SAN JACINTO DEL CAUCA,100%,2432,0,0,0,0
05,Departamento 05,05079,SAN JUAN NEPOMUCENO,100%,9941,0,0,0,0
05,Departamento 05,05082,SAN MARTIN DE LOBA,100%,3446,0,0,0,0
05,Departamento 05,05084,SAN PABLO,100%,0,6645,0,0,0
05,Departamento 05,05091,SANTA CATALINA,100%,0,5675,0,0,0
05,Departamento 05,05094,SANTA ROSA,100%,0,7292,0,0,0
05,Departamento 05,05095,SANTA ROSA DEL SUR,100%,12161,0,0,0,0
05,Departamento 05,05097,SIMITI,100%,4933,0,0,0,0
05,Departamento 05,05106,SOPLAVIENTO,100%,0,4575,0,0,0
05,Departamento 05,05110,TALAIGUA NUEVO,100%,3599,0,0,0,0
05,Departamento 05,05113,TIQUISIO (PTO. RICO),100%,3518,0,0,0,0
05,Departamento 05,05118,TURBACO,100%,0,30272,0,0,0
05,Departamento 05,05121,TURBANA,100%,0,7877,0,0,0
05,Departamento 05,05124,VILLANUEVA,100%,0,5216,0,0,0
05,Departamento 05,05127,ZAMBRANO,100%,0,4610,0,0,0
07,Departamento 07,07007,ALMEIDA,100%,818,0,0,0,0
07,Departamento 07,07008,AQUITANIA (PUEBLOVIEJO),100%,7053,0,0,0,0
07,Departamento 07,07010,ARCABUCO,100%,2388,0,0,0,0
07,Departamento 07,07013,BELEN,100%,3281,0,0,0,0
07,Departamento 07,07016,BERBEO,100%,575,0,0,0,0
07,Departamento 07,07019,BETEITIVA,100%,891,0,0,0,0
07,Departamento 07,07022,BOAVITA,100%,2187,0,0,0,0
07,Departamento 07,07025,BOYACA,100%,2199,0,0,0,0
07,Departamento 07,07028,BRICEÑO,100%,1349,0,0,0,0
07,Departamento 07,07031,BUENAVISTA,100%,2780,0,0,0,0
07,Departamento 07,07034,BUSBANZA,100%,546,0,0,0,0
07,Departamento 07,07037,CALDAS,100%,1613,0,0,0,0
07,Departamento 07,07040,CAMPOHERMOSO,100%,1339,0,0,0,0
07,Departamento 07,07043,CERINZA,100%,1461,0,0,0,0
07,Departamento 07,07064,CHINAVITA,100%,1646,0,0,0,0
07,Departamento 07,07067,CHIQUINQUIRA,100%,18637,0,0,0,0
07,Departamento 07,07068,CHIQUIZA,100%,2172,0,0,0,0
07,Departamento 07,07070,CHISCAS,100%,1498,0,0,0,0
07,Departamento 07,07073,CHITA,100%,2967,0,0,0,0
07,Departamento 07,07076,CHITARAQUE,100%,2955,0,0,0,0
07,Departamento 07,07077,CHIVATA,100%,1563,0,0,0,0
07,Departamento 07,07078,CHIVOR,100%,1091,0,0,0,0
07,Departamento 07,07046,CIENEGA,100%,2451,0,0,0,0
07,Departamento 07,07049,COMBITA,100%,3938,0,0,0,0
07,Departamento 07,07052,COPER,100%,1791,0,0,0,0
07,Departamento 07,07055,CORRALES,100%,1139,0,0,0,0
07,Departamento 07,07058,COVARACHIA,100%,1826,0,0,0,0
07,Departamento 07,07059,CUBARA,100%,0,2300,0,0,0
07,Departamento 07,07060,CUCAITA,100%,1398,0,0,0,0
07,Departamento 07,07061,CUITIVA,100%,867,0,0,0,0
07,Departamento 07,07079,DUITAMA,100%,36015,0,0,0,0
07,Departamento 07,07082,EL COCUY,100%,1622,0,0,0,0
07,Departamento 07,07085,EL ESPINO,100%,1258,0,0,0,0
07,Departamento 07,07088,FIRAVITOBA,100%,2071,0,0,0,0
07,Departamento 07,07091,FLORESTA,100%,2002,0,0,0,0
07,Departamento 07,07094,GACHANTIVA,100%,1568,0,0,0,0
07,Departamento 07,07097,GAMEZA,100%,2328,0,0,0,0
07,Departamento 07,07100,GARAGOA,100%,5345,0,0,0,0
07,Departamento 07,07103,GUACAMAYAS,100%,763,0,0,0,0
07,Departamento 07,07106,GUATEQUE,100%,3778,0,0,0,0
07,Departamento 07,07109,GUAYATA,100%,2247,0,0,0,0
07,Departamento 07,07112,GUICAN,100%,1063,0,0,0,0
07,Departamento 07,07118,IZA,100%,1041,0,0,0,0
07,Departamento 07,07121,JENESANO,100%,3093,0,0,0,0
07,Departamento 07,07124,JERICO,100%,1865,0,0,0,0
07,Departamento 07,07130,LA CAPILLA,100%,1302,0,0,0,0
07,Departamento 07,07136,LA UVITA,100%,1326,0,0,0,0
07,Departamento 07,07137,LA VICTORIA,100%,680,0,0,0,0
07,Departamento 07,07127,LABRANZAGRANDE,100%,1870,0,0,0,0
07,Departamento 07,07142,MACANAL,100%,1901,0,0,0,0
07,Departamento 07,07148,MARIPI,100%,3020,0,0,0,0
07,Departamento 07,07151,MIRAFLORES,100%,3048,0,0,0,0
07,Departamento 07,07154,MONGUA,100%,2657,0,0,0,0
07,Departamento 07,07157,MONGUI,100%,1998,0,0,0,0
07,Departamento 07,07160,MONIQUIRA,100%,8875,0,0,0,0
07,Departamento 07,07161,MOTAVITA,100%,2262,0,0,0,0
07,Departamento 07,07163,MUZO,100%,3005,0,0,0,0
07,Departamento 07,07166,NOBSA,100%,0,6641,0,0,0
07,Departamento 07,07169,NUEVO COLON,100%,2423,0,0,0,0
07,Departamento 07,07173,OICATA,100%,1196,0,0,0,0
07,Departamento 07,07176,OTANCHE,100%,3850,0,0,0,0
07,Departamento 07,07178,PACHAVITA,100%,1099,0,0,0,0
07,Departamento 07,07179,PAEZ,100%,1457,0,0,0,0
07,Departamento 07,07181,PAIPA,100%,12342,0,0,0,0
07,Departamento 07,07184,PAJARITO,100%,864,0,0,0,0
07,Departamento 07,07187,PANQUEBA,100%,770,0,0,0,0
07,Departamento 07,07190,PAUNA,100%,3324,0,0,0,0
07,Departamento 07,07193,PAYA,100%,1007,0,0,0,0
07,Departamento 07,07199,PAZ DE RIO,100%,0,1433,0,0,0
07,Departamento 07,07202,PESCA,100%,3215,0,0,0,0
07,Departamento 07,07205,PISBA,100%,667,0,0,0,0
07,Departamento 07,07214,PUERTO BOYACA,100%,14527,0,0,0,0
07,Departamento 07,07215,QUIPAMA,100%,2236,0,0,0,0
07,Departamento 07,07217,RAMIRIQUI,100%,4634,0,0,0,0
07,Departamento 07,07220,RAQUIRA,100%,2884,0,0,0,0
07,Departamento 07,07223,RONDON,100%,1188,0,0,0,0
07,Departamento 07,07226,SABOYA,100%,5118,0,0,0,0
07,Departamento 07,07232,SACHICA,100%,2313,0,0,0,0
07,Departamento 07,07235,SAMACA,100%,7955,0,0,0,0
07,Departamento 07,07237,SAN EDUARDO,100%,711,0,0,0,0
07,Departamento 07,07238,SAN JOSE DE PARE,100%,2779,0,0,0,0
07,Departamento 07,07241,SAN LUIS DE GACENO,100%,2451,0,0,0,0
07,Departamento 07,07247,SAN MATEO,100%,1881,0,0,0,0
07,Departamento 07,07248,SAN MIGUEL DE SEMA,100%,1498,0,0,0,0
07,Departamento 07,07249,SAN PABLO DE BORBUR,100%,3257,0,0,0,0
07,Departamento 07,07251,SANTA MARIA,100%,1282,0,0,0,0
07,Departamento 07,07253,SANTA ROSA DE VITERBO,100%,4330,0,0,0,0
07,Departamento 07,07256,SANTA SOFIA,100%,1875,0,0,0,0
07,Departamento 07,07250,SANTANA,100%,3320,0,0,0,0
07,Departamento 07,07259,SATIVANORTE,100%,1314,0,0,0,0
07,Departamento 07,07262,SATIVASUR,100%,582,0,0,0,0
07,Departamento 07,07265,SIACHOQUE,100%,3129,0,0,0,0
07,Departamento 07,07268,SOATA,100%,3541,0,0,0,0
07,Departamento 07,07274,SOCHA,100%,2853,0,0,0,0
07,Departamento 07,07271,SOCOTA,100%,2837,0,0,0,0
07,Departamento 07,07277,SOGAMOSO,100%,38009,0,0,0,0
07,Departamento 07,07280,SOMONDOCO,100%,1382,0,0,0,0
07,Departamento 07,07281,SORA,100%,1352,0,0,0,0
07,Departamento 07,07282,SORACA,100%,2893,0,0,0,0
07,Departamento 07,07283,SOTAQUIRA,100%,3133,0,0,0,0
07,Departamento 07,07286,SUSACON,100%,1287,0,0,0,0
07,Departamento 07,07289,SUTAMARCHAN,100%,3316,0,0,0,0
07,Departamento 07,07292,SUTATENZA,100%,1895,0,0,0,0
07,Departamento 07,07298,TASCO,100%,2227,0,0,0,0
07,Departamento 07,07301,TENZA,100%,1797,0,0,0,0
07,Departamento 07,07304,TIBANA,100%,3652,0,0,0,0
07,Departamento 07,07307,TIBASOSA,100%,3795,0,0,0,0
07,Departamento 07,07310,TINJACA,100%,1526,0,0,0,0
07,Departamento 07,07311,TIPACOQUE,100%,1747,0,0,0,0
07,Departamento 07,07313,TOCA,100%,3567,0,0,0,0
07,Departamento 07,07316,TOGUI,100%,2129,0,0,0,0
07,Departamento 07,07319,TOPAGA,100%,1853,0,0,0,0
07,Departamento 07,07322,TOTA,100%,2202,0,0,0,0
07,Departamento 07,07001,TUNJA,100%,0,57709,0,0,0
07,Departamento 07,07324,TUNUNGUA,100%,775,0,0,0,0
07,Departamento 07,07325,TURMEQUE,100%,2656,0,0,0,0
07,Departamento 07,07328,TUTA,100%,3639,0,0,0,0
07,Departamento 07,07331,TUTAZA,100%,1031,0,0,0,0
07,Departamento 07,07334,UMBITA,100%,3294,0,0,0,0
07,Departamento 07,07337,VENTAQUEMADA,100%,5031,0,0,0,0
07,Departamento 07,07139,VILLA DE LEIVA,100%,6434,0,0,0,0
07,Departamento 07,07340,VIRACACHA,100%,1452,0,0,0,0
07,Departamento 07,07346,ZETAQUIRA,100%,2337,0,0,0,0
09,Departamento 09,09004,AGUADAS,100%,9417,0,0,0,0
09,Departamento 09,09007,ANSERMA,100%,11553,0,0,0,0
09,Departamento 09,09013,ARANZAZU,100%,4905,0,0,0,0
09,Departamento 09,09022,BELALCAZAR,100%,3564,0,0,0,0
09,Departamento 09,09034,CHINCHINA,100%,16190,0,0,0,0
09,Departamento 09,09037,FILADELFIA,100%,3909,0,0,0,0
09,Departamento 09,09049,LA DORADA,100%,17285,0,0,0,0
09,Departamento 09,09052,LA MERCED,100%,2127,0,0,0,0
09,Departamento 09,09001,MANIZALES,100%,128762,0,0,0,0
09,Departamento 09,09055,MANZANARES,100%,6580,0,0,0,0
09,Departamento 09,09058,MARMATO,100%,1992,0,0,0,0
09,Departamento 09,09061,MARQUETALIA,100%,5420,0,0,0,0
09,Departamento 09,09067,MARULANDA,100%,1001,0,0,0,0
09,Departamento 09,09076,NEIRA,100%,7790,0,0,0,0
09,Departamento 09,09078,NORCASIA,100%,2112,0,0,0,0
09,Departamento 09,09079,PACORA,100%,5766,0,0,0,0
09,Departamento 09,09082,PALESTINA,100%,4846,0,0,0,0
09,Departamento 09,09085,PENSILVANIA,100%,6903,0,0,0,0
09,Departamento 09,09103,RIOSUCIO,100%,13483,0,0,0,0
09,Departamento 09,09106,RISARALDA,100%,4096,0,0,0,0
09,Departamento 09,09109,SALAMINA,100%,5713,0,0,0,0
09,Departamento 09,09115,SAMANA,100%,7278,0,0,0,0
09,Departamento 09,09120,SAN JOSE,100%,1912,0,0,0,0
09,Departamento 09,09124,SUPIA,100%,7518,0,0,0,0
09,Departamento 09,09127,VICTORIA,100%,3313,0,0,0,0
09,Departamento 09,09130,VILLAMARIA,100%,17700,0,0,0,0
09,Departamento 09,09133,VITERBO,100%,5600,0,0,0,0
11,Departamento 11,11004,ALMAGUER,100%,0,9035,0,0,0
11,Departamento 11,11005,ARGELIA,100%,0,15849,0,0,0
11,Departamento 11,11006,BALBOA,100%,0,12408,0,0,0
11,Departamento 11,11007,BOLIVAR,100%,0,19406,0,0,0
11,Departamento 11,11010,BUENOS AIRES,100%,0,8688,0,0,0
11,Departamento 11,11013,CAJIBIO,100%,0,13051,0,0,0
11,Departamento 11,11016,CALDONO,100%,0,17364,0,0,0
11,Departamento 11,11019,CALOTO,100%,0,13217,0,0,0
11,Departamento 11,11022,CORINTO,100%,0,12017,0,0,0
11,Departamento 11,11025,EL TAMBO,100%,0,22753,0,0,0
11,Departamento 11,11027,FLORENCIA,100%,0,2925,0,0,0
11,Departamento 11,11029,GUACHENE,100%,0,9076,0,0,0
11,Departamento 11,11028,GUAPI,100%,0,10097,0,0,0
11,Departamento 11,11031,INZA,100%,0,10734,0,0,0
11,Departamento 11,11034,JAMBALO,100%,0,8766,0,0,0
11,Departamento 11,11037,LA SIERRA,100%,0,4286,0,0,0
11,Departamento 11,11040,LA VEGA,100%,0,8123,0,0,0
11,Departamento 11,11043,LOPEZ (MICAY),100%,0,7871,0,0,0
11,Departamento 11,11046,MERCADERES,100%,0,7867,0,0,0
11,Departamento 11,11049,MIRANDA,100%,0,12996,0,0,0
11,Departamento 11,11052,MORALES,100%,0,12333,0,0,0
11,Departamento 11,11053,PADILLA,100%,0,3659,0,0,0
11,Departamento 11,11055,PAEZ (BELALCAZAR),100%,0,13475,0,0,0
11,Departamento 11,11058,PATIA (EL BORDO),100%,0,15757,0,0,0
11,Departamento 11,11060,PIAMONTE,100%,0,2472,0,0,0
11,Departamento 11,11061,PIENDAMO,100%,0,13317,0,0,0
11,Departamento 11,11001,POPAYAN,100%,0,128296,0,0,0
11,Departamento 11,11064,PUERTO TEJADA,100%,0,20345,0,0,0
11,Departamento 11,11067,PURACE (COCONUCO),100%,0,5077,0,0,0
11,Departamento 11,11070,ROSAS,100%,0,3860,0,0,0
11,Departamento 11,11073,SAN SEBASTIAN,100%,0,3823,0,0,0
11,Departamento 11,11079,SANTA ROSA,100%,0,1845,0,0,0
11,Departamento 11,11076,SANTANDER DE QUILICHAO,100%,0,45798,0,0,0
11,Departamento 11,11082,SILVIA,100%,0,13726,0,0,0
11,Departamento 11,11085,SOTARA (PAISPAMBA),100%,0,3633,0,0,0
11,Departamento 11,11087,SUAREZ,100%,0,9318,0,0,0
11,Departamento 11,11086,SUCRE,100%,0,4178,0,0,0
11,Departamento 11,11088,TIMBIO,100%,0,13067,0,0,0
11,Departamento 11,11091,TIMBIQUI,100%,0,10101,0,0,0
11,Departamento 11,11094,TORIBIO,100%,0,16826,0,0,0
11,Departamento 11,11097,TOTORO,100%,0,8488,0,0,0
11,Departamento 11,11098,VILLA RICA,100%,0,9556,0,0,0
12,Departamento 12,12075,AGUACHICA,100%,31013,0,0,0,0
12,Departamento 12,12150,AGUSTIN CODAZZI,100%,0,17897,0,0,0
12,Departamento 12,12170,ASTREA,100%,5624,0,0,0,0
12,Departamento 12,12180,BECERRIL,100%,0,6965,0,0,0
12,Departamento 12,12200,BOSCONIA,100%,0,11165,0,0,0
12,Departamento 12,12300,CHIMICHAGUA,100%,7792,0,0,0,0
12,Departamento 12,12375,CHIRIGUANA,100%,0,8359,0,0,0
12,Departamento 12,12225,CURUMANI,100%,0,9840,0,0,0
12,Departamento 12,12410,EL COPEY,100%,0,9404,0,0,0
12,Departamento 12,12415,EL PASO,100%,0,12596,0,0,0
12,Departamento 12,12450,GAMARRA,100%,4469,0,0,0,0
12,Departamento 12,12525,GONZALEZ,100%,1935,0,0,0,0
12,Departamento 12,12600,LA GLORIA,100%,4408,0,0,0,0
12,Departamento 12,12608,LA JAGUA DE IBIRICO,100%,0,11855,0,0,0
12,Departamento 12,12825,LA PAZ,100%,7943,0,0,0,0
12,Departamento 12,12625,MANAURE BALCON DEL CESAR (MANA,100%,0,2970,0,0,0
12,Departamento 12,12650,PAILITAS,100%,5494,0,0,0,0
12,Departamento 12,12700,PELAYA,100%,6225,0,0,0,0
12,Departamento 12,12720,PUEBLO BELLO,100%,0,8345,0,0,0
12,Departamento 12,12750,RIO DE ORO,100%,7045,0,0,0,0
12,Departamento 12,12800,SAN ALBERTO,100%,6418,0,0,0,0
12,Departamento 12,12850,SAN DIEGO,100%,5510,0,0,0,0
12,Departamento 12,12875,SAN MARTIN,100%,7667,0,0,0,0
12,Departamento 12,12900,TAMALAMEQUE,100%,0,3166,0,0,0
12,Departamento 12,12001,VALLEDUPAR,100%,0,111694,0,0,0
13,Departamento 13,13004,AYAPEL,100%,9801,0,0,0,0
13,Departamento 13,13007,BUENAVISTA,100%,0,7271,0,0,0
13,Departamento 13,13009,CANALETE,100%,0,6119,0,0,0
13,Departamento 13,13010,CERETE,100%,0,34007,0,0,0
13,Departamento 13,13016,CHIMA,100%,0,4705,0,0,0
13,Departamento 13,13019,CHINU,100%,15703,0,0,0,0
13,Departamento 13,13013,CIENAGA DE ORO,100%,0,22968,0,0,0
13,Departamento 13,13014,COTORRA (BONGO),100%,0,6219,0,0,0
13,Departamento 13,13020,LA APARTADA (FRONTERA),100%,0,5479,0,0,0
13,Departamento 13,13022,LORICA,100%,0,34173,0,0,0
13,Departamento 13,13023,LOS CORDOBAS,100%,4986,0,0,0,0
13,Departamento 13,13024,MOMIL,100%,4707,0,0,0,0
13,Departamento 13,13025,MONTELIBANO,100%,0,28685,0,0,0
13,Departamento 13,13001,MONTERIA,100%,0,132930,0,0,0
13,Departamento 13,13027,MOÑITOS,100%,6560,0,0,0,0
13,Departamento 13,13028,PLANETA RICA,100%,0,18347,0,0,0
13,Departamento 13,13031,PUEBLO NUEVO,100%,0,8602,0,0,0
13,Departamento 13,13033,PUERTO ESCONDIDO,100%,6119,0,0,0,0
13,Departamento 13,13032,PUERTO LIBERTADOR,100%,0,14208,0,0,0
13,Departamento 13,13034,PURISIMA,100%,5020,0,0,0,0
13,Departamento 13,13037,SAHAGUN,100%,0,30173,0,0,0
13,Departamento 13,13040,SAN ANDRES DE SOTAVENTO,100%,0,14114,0,0,0
13,Departamento 13,13043,SAN ANTERO,100%,0,8112,0,0,0
13,Departamento 13,13046,SAN BERNARDO DEL VIENTO,100%,0,10232,0,0,0
13,Departamento 13,13049,SAN CARLOS,100%,6330,0,0,0,0
13,Departamento 13,13052,SAN JOSE DE URE,100%,0,4163,0,0,0
13,Departamento 13,13055,SAN PELAYO,100%,0,13661,0,0,0
13,Departamento 13,13058,TIERRALTA,100%,0,24717,0,0,0
13,Departamento 13,13060,TUCHIN,100%,0,11745,0,0,0
13,Departamento 13,13061,VALENCIA,100%,0,7983,0,0,0
15,Departamento 15,15004,AGUA DE DIOS,100%,3392,0,0,0,0
15,Departamento 15,15007,ALBAN,100%,2477,0,0,0,0
15,Departamento 15,15010,ANAPOIMA,100%,6234,0,0,0,0
15,Departamento 15,15013,ANOLAIMA,100%,5703,0,0,0,0
15,Departamento 15,15217,APULO,100%,3282,0,0,0,0
15,Departamento 15,15016,ARBELAEZ,100%,4748,0,0,0,0
15,Departamento 15,15019,BELTRAN,100%,851,0,0,0,0
15,Departamento 15,15022,BITUIMA,100%,1327,0,0,0,0
15,Departamento 15,15025,BOJACA,100%,0,3126,0,0,0
15,Departamento 15,15029,CABRERA,100%,0,1411,0,0,0
15,Departamento 15,15030,CACHIPAY,100%,4502,0,0,0,0
15,Departamento 15,15031,CAJICA,100%,31004,0,0,0,0
15,Departamento 15,15034,CAPARRAPI,100%,5516,0,0,0,0
15,Departamento 15,15037,CAQUEZA,100%,6875,0,0,0,0
15,Departamento 15,15040,CARMEN DE CARUPA,100%,3461,0,0,0,0
15,Departamento 15,15052,CHAGUANI,100%,1966,0,0,0,0
15,Departamento 15,15055,CHIA,100%,57998,0,0,0,0
15,Departamento 15,15058,CHIPAQUE,100%,4307,0,0,0,0
15,Departamento 15,15061,CHOACHI,100%,6797,0,0,0,0
15,Departamento 15,15064,CHOCONTA,100%,8225,0,0,0,0
15,Departamento 15,15043,COGUA,100%,6772,0,0,0,0
15,Departamento 15,15046,COTA,100%,14030,0,0,0,0
15,Departamento 15,15049,CUCUNUBA,100%,3408,0,0,0,0
15,Departamento 15,15067,EL COLEGIO,100%,9553,0,0,0,0
15,Departamento 15,15070,EL PEÑON,100%,2471,0,0,0,0
15,Departamento 15,15072,EL ROSAL,100%,7986,0,0,0,0
15,Departamento 15,15076,FACATATIVA,100%,0,43913,0,0,0
15,Departamento 15,15079,FOMEQUE,100%,6007,0,0,0,0
15,Departamento 15,15085,FOSCA,100%,3336,0,0,0,0
15,Departamento 15,15088,FUNZA,100%,0,33048,0,0,0
15,Departamento 15,15091,FUQUENE,100%,2052,0,0,0,0
15,Departamento 15,15094,FUSAGASUGA,100%,50349,0,0,0,0
15,Departamento 15,15097,GACHALA,100%,2216,0,0,0,0
15,Departamento 15,15100,GACHANCIPA,100%,0,5831,0,0,0
15,Departamento 15,15103,GACHETA,100%,4072,0,0,0,0
15,Departamento 15,15106,GAMA,100%,1613,0,0,0,0
15,Departamento 15,15109,GIRARDOT,100%,31519,0,0,0,0
15,Departamento 15,15132,GRANADA,100%,2435,0,0,0,0
15,Departamento 15,15112,GUACHETA,100%,4742,0,0,0,0
15,Departamento 15,15115,GUADUAS,100%,9791,0,0,0,0
15,Departamento 15,15118,GUASCA,100%,5022,0,0,0,0
15,Departamento 15,15121,GUATAQUI,100%,962,0,0,0,0
15,Departamento 15,15124,GUATAVITA,100%,3039,0,0,0,0
15,Departamento 15,15127,GUAYABAL DE SIQUIMA,100%,2224,0,0,0,0
15,Departamento 15,15128,GUAYABETAL,100%,2493,0,0,0,0
15,Departamento 15,15130,GUTIERREZ,100%,1847,0,0,0,0
15,Departamento 15,15133,JERUSALEN,100%,1306,0,0,0,0
15,Departamento 15,15136,JUNIN,100%,2661,0,0,0,0
15,Departamento 15,15139,LA CALERA,100%,10072,0,0,0,0
15,Departamento 15,15142,LA MESA,100%,11805,0,0,0,0
15,Departamento 15,15145,LA PALMA,100%,3429,0,0,0,0
15,Departamento 15,15148,LA PEÑA,100%,3496,0,0,0,0
15,Departamento 15,15151,LA VEGA,100%,7360,0,0,0,0
15,Departamento 15,15154,LENGUAZAQUE,100%,5188,0,0,0,0
15,Departamento 15,15157,MACHETA,100%,3839,0,0,0,0
15,Departamento 15,15160,MADRID,100%,0,40102,0,0,0
15,Departamento 15,15163,MANTA,100%,2341,0,0,0,0
15,Departamento 15,15166,MEDINA,100%,3727,0,0,0,0
15,Departamento 15,15169,MOSQUERA,100%,0,40213,0,0,0
15,Departamento 15,15172,NARIÑO,100%,988,0,0,0,0
15,Departamento 15,15175,NEMOCON,100%,4547,0,0,0,0
15,Departamento 15,15178,NILO,100%,2515,0,0,0,0
15,Departamento 15,15181,NIMAIMA,100%,1973,0,0,0,0
15,Departamento 15,15184,NOCAIMA,100%,2492,0,0,0,0
15,Departamento 15,15190,PACHO,100%,11686,0,0,0,0
15,Departamento 15,15193,PAIME,100%,2414,0,0,0,0
15,Departamento 15,15196,PANDI,100%,1733,0,0,0,0
15,Departamento 15,15198,PARATEBUENO (LA NAGUAYA),100%,3783,0,0,0,0
15,Departamento 15,15199,PASCA,100%,0,3131,0,0,0
15,Departamento 15,15202,PUERTO SALGAR,100%,4421,0,0,0,0
15,Departamento 15,15205,PULI,100%,1161,0,0,0,0
15,Departamento 15,15208,QUEBRADANEGRA,100%,2742,0,0,0,0
15,Departamento 15,15211,QUETAME,100%,2827,0,0,0,0
15,Departamento 15,15214,QUIPILE,100%,3230,0,0,0,0
15,Departamento 15,15218,RICAURTE,100%,5352,0,0,0,0
15,Departamento 15,15220,SAN ANTONIO DEL TEQUENDAMA,100%,4177,0,0,0,0
15,Departamento 15,15223,SAN BERNARDO,100%,3220,0,0,0,0
15,Departamento 15,15226,SAN CAYETANO,100%,2310,0,0,0,0
15,Departamento 15,15229,SAN FRANCISCO,100%,4735,0,0,0,0
15,Departamento 15,15232,SAN JUAN DE RIOSECO,100%,4020,0,0,0,0
15,Departamento 15,15235,SASAIMA,100%,4557,0,0,0,0
15,Departamento 15,15238,SESQUILE,100%,3642,0,0,0,0
15,Departamento 15,15239,SIBATE,100%,0,10706,0,0,0
15,Departamento 15,15241,SILVANIA,100%,9142,0,0,0,0
15,Departamento 15,15244,SIMIJACA,100%,4971,0,0,0,0
15,Departamento 15,15247,SOACHA,100%,0,175011,0,0,0
15,Departamento 15,15250,SOPO,100%,0,9055,0,0,0
15,Departamento 15,15256,SUBACHOQUE,100%,7095,0,0,0,0
15,Departamento 15,15259,SUESCA,100%,0,5110,0,0,0
15,Departamento 15,15262,SUPATA,100%,2558,0,0,0,0
15,Departamento 15,15265,SUSA,100%,3073,0,0,0,0
15,Departamento 15,15268,SUTATAUSA,100%,2239,0,0,0,0
15,Departamento 15,15271,TABIO,100%,8154,0,0,0,0
15,Departamento 15,15274,TAUSA,100%,3792,0,0,0,0
15,Departamento 15,15277,TENA,100%,3610,0,0,0,0
15,Departamento 15,15280,TENJO,100%,8527,0,0,0,0
15,Departamento 15,15283,TIBACUY,100%,1844,0,0,0,0
15,Departamento 15,15286,TIBIRITA,100%,1384,0,0,0,0
15,Departamento 15,15289,TOCAIMA,100%,4961,0,0,0,0
15,Departamento 15,15292,TOCANCIPA,100%,0,21023,0,0,0
15,Departamento 15,15295,TOPAIPI,100%,2062,0,0,0,0
15,Departamento 15,15298,UBALA,100%,4135,0,0,0,0
15,Departamento 15,15301,UBAQUE,100%,3357,0,0,0,0
15,Departamento 15,15304,UBATE,100%,17178,0,0,0,0
15,Departamento 15,15307,UNE,100%,3598,0,0,0,0
15,Departamento 15,15316,UTICA,100%,2994,0,0,0,0
15,Departamento 15,15318,VENECIA,100%,1419,0,0,0,0
15,Departamento 15,15319,VERGARA,100%,3671,0,0,0,0
15,Departamento 15,15322,VIANI,100%,2122,0,0,0,0
15,Departamento 15,15323,VILLAGOMEZ,100%,1002,0,0,0,0
15,Departamento 15,15325,VILLAPINZON,100%,9087,0,0,0,0
15,Departamento 15,15328,VILLETA,100%,12552,0,0,0,0
15,Departamento 15,15331,VIOTA,100%,4677,0,0,0,0
15,Departamento 15,15334,YACOPI,100%,5200,0,0,0,0
15,Departamento 15,15337,ZIPACON,100%,1823,0,0,0,0
15,Departamento 15,15340,ZIPAQUIRA,100%,0,49918,0,0,0
16,Departamento 16,16001,BOGOTA. D.C.,100%,0,2235514,0,0,0
17,Departamento 17,17004,ACANDI,100%,0,2554,0,0,0
17,Departamento 17,17006,ALTO BAUDO (PIE DE PATO),100%,0,6345,0,0,0
17,Departamento 17,17002,ATRATO (YUTO),100%,0,3936,0,0,0
17,Departamento 17,17007,BAGADO,100%,0,3461,0,0,0
17,Departamento 17,17008,BAHIA SOLANO (MUTIS),100%,0,3860,0,0,0
17,Departamento 17,17010,BAJO BAUDO (PIZARRO),100%,0,4491,0,0,0
17,Departamento 17,17011,BOJAYA (BELLAVISTA),100%,0,4002,0,0,0
17,Departamento 17,17015,CARMEN DEL DARIEN,100%,0,4713,0,0,0
17,Departamento 17,17014,CERTEGUI,100%,0,2353,0,0,0
17,Departamento 17,17013,CONDOTO,100%,0,4964,0,0,0
17,Departamento 17,17017,EL CANTON DEL SAN PABLO (MAN.,100%,0,2435,0,0,0
17,Departamento 17,17016,EL CARMEN,100%,2518,0,0,0,0
17,Departamento 17,17038,EL LITORAL DEL SAN JUAN,100%,0,5343,0,0,0
17,Departamento 17,17019,ISTMINA,100%,0,9765,0,0,0
17,Departamento 17,17022,JURADO,100%,0,1514,0,0,0
17,Departamento 17,17025,LLORO,100%,0,3435,0,0,0
17,Departamento 17,17012,MEDIO ATRATO (BETE),100%,0,3337,0,0,0
17,Departamento 17,17026,MEDIO BAUDO (PUERTO MELUK),100%,0,4335,0,0,0
17,Departamento 17,17027,MEDIO SAN JUAN,100%,0,3855,0,0,0
17,Departamento 17,17028,NOVITA,100%,0,2509,0,0,0
17,Departamento 17,17082,NUEVO BELEN DE BAJIRA,100%,0,4584,0,0,0
17,Departamento 17,17031,NUQUI,100%,0,3250,0,0,0
17,Departamento 17,17001,QUIBDO,100%,0,39917,0,0,0
17,Departamento 17,17032,RIO IRO,100%,0,1484,0,0,0
17,Departamento 17,17035,RIO QUITO (PAIMADO),100%,0,3498,0,0,0
17,Departamento 17,17034,RIOSUCIO,100%,0,6393,0,0,0
17,Departamento 17,17037,SAN JOSE DEL PALMAR,100%,0,1447,0,0,0
17,Departamento 17,17040,SIPI,100%,0,1511,0,0,0
17,Departamento 17,17043,TADO,100%,0,6002,0,0,0
17,Departamento 17,17048,UNGUIA,100%,0,3204,0,0,0
17,Departamento 17,17060,UNION PANAMERICANA (LAS ANIMAS,100%,0,2378,0,0,0
19,Departamento 19,19004,ACEVEDO,100%,11759,0,0,0,0
19,Departamento 19,19007,AGRADO,100%,3941,0,0,0,0
19,Departamento 19,19010,AIPE,100%,6347,0,0,0,0
19,Departamento 19,19013,ALGECIRAS,100%,8319,0,0,0,0
19,Departamento 19,19016,ALTAMIRA,100%,1343,0,0,0,0
19,Departamento 19,19019,BARAYA,100%,2818,0,0,0,0
19,Departamento 19,19022,CAMPOALEGRE,100%,9747,0,0,0,0
19,Departamento 19,19028,COLOMBIA,100%,3354,0,0,0,0
19,Departamento 19,19031,ELIAS,100%,1927,0,0,0,0
19,Departamento 19,19034,GARZON,100%,26311,0,0,0,0
19,Departamento 19,19037,GIGANTE,100%,9221,0,0,0,0
19,Departamento 19,19040,GUADALUPE,100%,6670,0,0,0,0
19,Departamento 19,19043,HOBO,100%,2568,0,0,0,0
19,Departamento 19,19046,IQUIRA,100%,2922,0,0,0,0
19,Departamento 19,19044,ISNOS,100%,8340,0,0,0,0
19,Departamento 19,19047,LA ARGENTINA (PLATA VIEJA),100%,4925,0,0,0,0
19,Departamento 19,19049,LA PLATA,100%,18686,0,0,0,0
19,Departamento 19,19050,NATAGA,100%,1988,0,0,0,0
19,Departamento 19,19001,NEIVA,100%,103554,0,0,0,0
19,Departamento 19,19051,OPORAPA,100%,5101,0,0,0,0
19,Departamento 19,19052,PAICOL,100%,3109,0,0,0,0
19,Departamento 19,19055,PALERMO,100%,8950,0,0,0,0
19,Departamento 19,19056,PALESTINA,100%,4770,0,0,0,0
19,Departamento 19,19058,PITAL,100%,5037,0,0,0,0
19,Departamento 19,19061,PITALITO,100%,42899,0,0,0,0
19,Departamento 19,19064,RIVERA,100%,7728,0,0,0,0
19,Departamento 19,19067,SALADOBLANCO,100%,5776,0,0,0,0
19,Departamento 19,19070,SAN AGUSTIN,100%,11191,0,0,0,0
19,Departamento 19,19074,SANTA MARIA,100%,4592,0,0,0,0
19,Departamento 19,19076,SUAZA,100%,7711,0,0,0,0
19,Departamento 19,19079,TARQUI,100%,6424,0,0,0,0
19,Departamento 19,19082,TELLO,100%,4983,0,0,0,0
19,Departamento 19,19085,TERUEL,100%,3377,0,0,0,0
19,Departamento 19,19025,TESALIA (CARNICERIAS),100%,4512,0,0,0,0
19,Departamento 19,19088,TIMANA,100%,8437,0,0,0,0
19,Departamento 19,19091,VILLAVIEJA,100%,2394,0,0,0,0
19,Departamento 19,19094,YAGUARA,100%,3301,0,0,0,0
21,Departamento 21,21008,ALGARROBO,100%,0,4539,0,0,0
21,Departamento 21,21010,ARACATACA,100%,0,10482,0,0,0
21,Departamento 21,21012,ARIGUANI (EL DIFICIL),100%,7058,0,0,0,0
21,Departamento 21,21013,CERRO DE SAN ANTONIO,100%,2565,0,0,0,0
21,Departamento 21,21015,CHIVOLO,100%,5094,0,0,0,0
21,Departamento 21,21016,CIENAGA,100%,0,34984,0,0,0
21,Departamento 21,21020,CONCORDIA,100%,0,3546,0,0,0
21,Departamento 21,21025,EL BANCO,100%,14944,0,0,0,0
21,Departamento 21,21028,EL PIÑON,100%,4029,0,0,0,0
21,Departamento 21,21030,EL RETEN,100%,0,7069,0,0,0
21,Departamento 21,21031,FUNDACION,100%,0,15238,0,0,0
21,Departamento 21,21040,GUAMAL,100%,7618,0,0,0,0
21,Departamento 21,21042,NUEVA GRANADA,100%,5671,0,0,0,0
21,Departamento 21,21046,PEDRAZA,100%,3198,0,0,0,0
21,Departamento 21,21048,PIJIÑO DEL CARMEN,100%,3522,0,0,0,0
21,Departamento 21,21049,PIVIJAY,100%,0,10012,0,0,0
21,Departamento 21,21052,PLATO,100%,0,14214,0,0,0
21,Departamento 21,21055,PUEBLOVIEJO,100%,0,7164,0,0,0
21,Departamento 21,21058,REMOLINO,100%,0,3015,0,0,0
21,Departamento 21,21060,SABANAS DE SAN ANGEL,100%,4057,0,0,0,0
21,Departamento 21,21067,SALAMINA,100%,0,2765,0,0,0
21,Departamento 21,21070,SAN SEBASTIAN DE BUENAVISTA,100%,5725,0,0,0,0
21,Departamento 21,21073,SAN ZENON,100%,3041,0,0,0,0
21,Departamento 21,21076,SANTA ANA,100%,7368,0,0,0,0
21,Departamento 21,21078,SANTA BARBARA DE PINTO,100%,0,2992,0,0,0
21,Departamento 21,21001,SANTA MARTA,100%,0,145942,0,0,0
21,Departamento 21,21079,SITIONUEVO,100%,0,6651,0,0,0
21,Departamento 21,21085,TENERIFE,100%,0,3774,0,0,0
21,Departamento 21,21090,ZAPAYAN,100%,3467,0,0,0,0
21,Departamento 21,21095,ZONA BANANERA (SEVILLA),100%,0,20814,0,0,0
23,Departamento 23,23004,ALBAN (SAN JOSE),100%,2820,0,0,0,0
23,Departamento 23,23007,ALDANA,100%,0,3495,0,0,0
23,Departamento 23,23010,ANCUYA,100%,0,4003,0,0,0
23,Departamento 23,23013,ARBOLEDA (BERRUECOS),100%,0,2366,0,0,0
23,Departamento 23,23016,BARBACOAS,100%,0,13026,0,0,0
23,Departamento 23,23017,BELEN,100%,0,2399,0,0,0
23,Departamento 23,23019,BUESACO,100%,0,6449,0,0,0
23,Departamento 23,23038,CHACHAGUI,100%,0,6679,0,0,0
23,Departamento 23,23022,COLON (GENOVA),100%,0,3647,0,0,0
23,Departamento 23,23025,CONSACA,100%,0,4296,0,0,0
23,Departamento 23,23028,CONTADERO,100%,0,3005,0,0,0
23,Departamento 23,23031,CORDOBA,100%,0,6837,0,0,0
23,Departamento 23,23034,CUASPUD (CARLOSAMA),100%,0,4472,0,0,0
23,Departamento 23,23037,CUMBAL,100%,0,16369,0,0,0
23,Departamento 23,23039,CUMBITARA,100%,0,5384,0,0,0
23,Departamento 23,23041,EL CHARCO,100%,0,9777,0,0,0
23,Departamento 23,23044,EL PEÑOL,100%,0,3446,0,0,0
23,Departamento 23,23040,EL ROSARIO,100%,0,4614,0,0,0
23,Departamento 23,23043,EL TABLON,100%,0,5226,0,0,0
23,Departamento 23,23046,EL TAMBO,100%,0,5116,0,0,0
23,Departamento 23,23047,FRANCISCO PIZARRO (SALAHONDA),100%,0,4009,0,0,0
23,Departamento 23,23049,FUNES,100%,0,2724,0,0,0
23,Departamento 23,23052,GUACHUCAL,100%,0,9035,0,0,0
23,Departamento 23,23055,GUAITARILLA,100%,0,6428,0,0,0
23,Departamento 23,23058,GUALMATAN,100%,0,2747,0,0,0
23,Departamento 23,23061,ILES,100%,0,3808,0,0,0
23,Departamento 23,23064,IMUES,100%,0,3473,0,0,0
23,Departamento 23,23067,IPIALES,100%,0,48510,0,0,0
23,Departamento 23,23073,LA CRUZ,100%,0,7260,0,0,0
23,Departamento 23,23076,LA FLORIDA,100%,0,5182,0,0,0
23,Departamento 23,23077,LA LLANADA,100%,0,1799,0,0,0
23,Departamento 23,23078,LA TOLA,100%,0,2798,0,0,0
23,Departamento 23,23079,LA UNION,100%,0,9487,0,0,0
23,Departamento 23,23080,LEIVA,100%,0,6086,0,0,0
23,Departamento 23,23082,LINARES,100%,0,4803,0,0,0
23,Departamento 23,23085,LOS ANDES (SOTOMAYOR),100%,0,4811,0,0,0
23,Departamento 23,23088,MAGUI (PAYAN),100%,0,4711,0,0,0
23,Departamento 23,23091,MALLAMA (PIEDRANCHA),100%,0,3947,0,0,0
23,Departamento 23,23094,MOSQUERA,100%,0,4065,0,0,0
23,Departamento 23,23096,NARIÑO,100%,0,2644,0,0,0
23,Departamento 23,23095,OLAYA HERRERA,100%,0,8401,0,0,0
23,Departamento 23,23097,OSPINA,100%,0,2557,0,0,0
23,Departamento 23,23001,PASTO,100%,0,175744,0,0,0
23,Departamento 23,23098,POLICARPA,100%,0,9012,0,0,0
23,Departamento 23,23100,POTOSI,100%,0,4520,0,0,0
23,Departamento 23,23101,PROVIDENCIA,100%,0,3535,0,0,0
23,Departamento 23,23103,PUERRES,100%,0,3852,0,0,0
23,Departamento 23,23106,PUPIALES,100%,0,6708,0,0,0
23,Departamento 23,23109,RICAURTE,100%,0,10043,0,0,0
23,Departamento 23,23112,ROBERTO PAYAN (SAN JOSE),100%,0,6464,0,0,0
23,Departamento 23,23115,SAMANIEGO,100%,0,14289,0,0,0
23,Departamento 23,23120,SAN BERNARDO,100%,0,2625,0,0,0
23,Departamento 23,23121,SAN LORENZO,100%,0,5970,0,0,0
23,Departamento 23,23124,SAN PABLO,100%,0,7442,0,0,0
23,Departamento 23,23123,SAN PEDRO DE CARTAGO,100%,2135,0,0,0,0
23,Departamento 23,23118,SANDONA,100%,0,9121,0,0,0
23,Departamento 23,23125,SANTA BARBARA (ISCUANDE),100%,0,4684,0,0,0
23,Departamento 23,23127,SANTACRUZ (GUACHAVES),100%,0,5074,0,0,0
23,Departamento 23,23130,SAPUYES,100%,0,3008,0,0,0
23,Departamento 23,23133,TAMINANGO,100%,0,8728,0,0,0
23,Departamento 23,23136,TANGUA,100%,0,5331,0,0,0
23,Departamento 23,23139,TUMACO,100%,0,76219,0,0,0
23,Departamento 23,23142,TUQUERRES,100%,0,20310,0,0,0
23,Departamento 23,23145,YACUANQUER,100%,0,5136,0,0,0
24,Departamento 24,24008,APIA,100%,4430,0,0,0,0
24,Departamento 24,24013,BALBOA,100%,1992,0,0,0,0
24,Departamento 24,24021,BELEN DE UMBRIA,100%,8634,0,0,0,0
24,Departamento 24,24025,DOSQUEBRADAS,100%,58079,0,0,0,0
24,Departamento 24,24029,GUATICA,100%,4439,0,0,0,0
24,Departamento 24,24038,LA CELIA,100%,2608,0,0,0,0
24,Departamento 24,24046,LA VIRGINIA,100%,0,9833,0,0,0
24,Departamento 24,24054,MARSELLA,100%,5039,0,0,0,0
24,Departamento 24,24062,MISTRATO,100%,0,4783,0,0,0
24,Departamento 24,24001,PEREIRA,100%,155042,0,0,0,0
24,Departamento 24,24070,PUEBLO RICO,100%,0,5303,0,0,0
24,Departamento 24,24078,QUINCHIA,100%,0,7940,0,0,0
24,Departamento 24,24086,SANTA ROSA DE CABAL,100%,25850,0,0,0,0
24,Departamento 24,24094,SANTUARIO,100%,4187,0,0,0,0
25,Departamento 25,25004,ABREGO,100%,12862,0,0,0,0
25,Departamento 25,25007,ARBOLEDAS,100%,4736,0,0,0,0
25,Departamento 25,25010,BOCHALEMA,100%,4578,0,0,0,0
25,Departamento 25,25013,BUCARASICA,100%,2749,0,0,0,0
25,Departamento 25,25019,CACHIRA,100%,4636,0,0,0,0
25,Departamento 25,25016,CACOTA,100%,1524,0,0,0,0
25,Departamento 25,25028,CHINACOTA,100%,8316,0,0,0,0
25,Departamento 25,25031,CHITAGA,100%,5292,0,0,0,0
25,Departamento 25,25022,CONVENCION,100%,0,4036,0,0,0
25,Departamento 25,25001,CUCUTA,"99,89%",306536,0,0,0,0
25,Departamento 25,25025,CUCUTILLA,100%,4401,0,0,0,0
25,Departamento 25,25034,DURANIA,100%,2875,0,0,0,0
25,Departamento 25,25037,EL CARMEN,100%,4082,0,0,0,0
25,Departamento 25,25036,EL TARRA,100%,0,6586,0,0,0
25,Departamento 25,25038,EL ZULIA,100%,13511,0,0,0,0
25,Departamento 25,25040,GRAMALOTE,100%,3552,0,0,0,0
25,Departamento 25,25043,HACARI,100%,0,3043,0,0,0
25,Departamento 25,25046,HERRAN,100%,1966,0,0,0,0
25,Departamento 25,25051,LA ESPERANZA,100%,4734,0,0,0,0
25,Departamento 25,25052,LA PLAYA,100%,2762,0,0,0,0
25,Departamento 25,25049,LABATECA,100%,3108,0,0,0,0
25,Departamento 25,25054,LOS PATIOS,100%,37492,0,0,0,0
25,Departamento 25,25055,LOURDES,100%,2540,0,0,0,0
25,Departamento 25,25058,MUTISCUA,100%,2225,0,0,0,0
25,Departamento 25,25061,OCAÑA,100%,42350,0,0,0,0
25,Departamento 25,25064,PAMPLONA,100%,19734,0,0,0,0
25,Departamento 25,25067,PAMPLONITA,100%,3010,0,0,0,0
25,Departamento 25,25069,PUERTO SANTANDER,100%,3568,0,0,0,0
25,Departamento 25,25070,RAGONVALIA,100%,2971,0,0,0,0
25,Departamento 25,25073,SALAZAR,100%,5397,0,0,0,0
25,Departamento 25,25076,SAN CALIXTO,100%,0,4409,0,0,0
25,Departamento 25,25079,SAN CAYETANO,100%,4325,0,0,0,0
25,Departamento 25,25082,SANTIAGO,100%,1984,0,0,0,0
25,Departamento 25,25085,SARDINATA,100%,10231,0,0,0,0
25,Departamento 25,25088,SILOS,100%,3180,0,0,0,0
25,Departamento 25,25091,TEORAMA,100%,0,6016,0,0,0
25,Departamento 25,25093,TIBU,100%,12065,0,0,0,0
25,Departamento 25,25094,TOLEDO,100%,7364,0,0,0,0
25,Departamento 25,25097,VILLA CARO,100%,2488,0,0,0,0
25,Departamento 25,25100,VILLA DEL ROSARIO,100%,41417,0,0,0,0
26,Departamento 26,26001,ARMENIA,100%,102562,0,0,0,0
26,Departamento 26,26005,BUENAVISTA,100%,1051,0,0,0,0
26,Departamento 26,26010,CALARCA,100%,22596,0,0,0,0
26,Departamento 26,26020,CIRCASIA,100%,9865,0,0,0,0
26,Departamento 26,26025,CORDOBA,100%,1713,0,0,0,0
26,Departamento 26,26030,FILANDIA,100%,4460,0,0,0,0
26,Departamento 26,26040,GENOVA,100%,2774,0,0,0,0
26,Departamento 26,26050,LA TEBAIDA,100%,0,9104,0,0,0
26,Departamento 26,26060,MONTENEGRO,100%,11180,0,0,0,0
26,Departamento 26,26070,PIJAO,100%,2168,0,0,0,0
26,Departamento 26,26080,QUIMBAYA,100%,9727,0,0,0,0
26,Departamento 26,26090,SALENTO,100%,2662,0,0,0,0
27,Departamento 27,27004,AGUADA,100%,858,0,0,0,0
27,Departamento 27,27007,ALBANIA,100%,1782,0,0,0,0
27,Departamento 27,27010,ARATOCA,100%,4046,0,0,0,0
27,Departamento 27,27013,BARBOSA,100%,10962,0,0,0,0
27,Departamento 27,27016,BARICHARA,100%,4393,0,0,0,0
27,Departamento 27,27019,BARRANCABERMEJA,100%,0,83663,0,0,0
27,Departamento 27,27022,BETULIA,100%,2276,0,0,0,0
27,Departamento 27,27025,BOLIVAR,100%,3620,0,0,0,0
27,Departamento 27,27001,BUCARAMANGA,100%,229851,0,0,0,0
27,Departamento 27,27028,CABRERA,100%,1155,0,0,0,0
27,Departamento 27,27031,CALIFORNIA,100%,1074,0,0,0,0
27,Departamento 27,27034,CAPITANEJO,100%,2538,0,0,0,0
27,Departamento 27,27037,CARCASI,100%,2058,0,0,0,0
27,Departamento 27,27040,CEPITA,100%,1278,0,0,0,0
27,Departamento 27,27043,CERRITO,100%,3041,0,0,0,0
27,Departamento 27,27061,CHARALA,100%,5417,0,0,0,0
27,Departamento 27,27064,CHARTA,100%,2234,0,0,0,0
27,Departamento 27,27067,CHIMA,100%,1502,0,0,0,0
27,Departamento 27,27070,CHIPATA,100%,1915,0,0,0,0
27,Departamento 27,27045,CIMITARRA,100%,10524,0,0,0,0
27,Departamento 27,27046,CONCEPCION,100%,2741,0,0,0,0
27,Departamento 27,27049,CONFINES,100%,1874,0,0,0,0
27,Departamento 27,27052,CONTRATACION,100%,1528,0,0,0,0
27,Departamento 27,27055,COROMORO,100%,2817,0,0,0,0
27,Departamento 27,27058,CURITI,100%,6208,0,0,0,0
27,Departamento 27,27071,EL CARMEN,100%,7670,0,0,0,0
27,Departamento 27,27073,EL GUACAMAYO,100%,895,0,0,0,0
27,Departamento 27,27075,EL PEÑON,100%,1846,0,0,0,0
27,Departamento 27,27074,EL PLAYON,100%,6380,0,0,0,0
27,Departamento 27,27076,ENCINO,100%,1465,0,0,0,0
27,Departamento 27,27079,ENCISO,100%,2019,0,0,0,0
27,Departamento 27,27080,FLORIAN,100%,2550,0,0,0,0
27,Departamento 27,27082,FLORIDABLANCA,100%,104989,0,0,0,0
27,Departamento 27,27085,GALAN,100%,1669,0,0,0,0
27,Departamento 27,27088,GAMBITA,100%,2113,0,0,0,0
27,Departamento 27,27091,GIRON,100%,56857,0,0,0,0
27,Departamento 27,27094,GUACA,100%,3147,0,0,0,0
27,Departamento 27,27097,GUADALUPE,100%,2691,0,0,0,0
27,Departamento 27,27100,GUAPOTA,100%,1336,0,0,0,0
27,Departamento 27,27103,GUAVATA,100%,1964,0,0,0,0
27,Departamento 27,27106,GUEPSA,100%,1726,0,0,0,0
27,Departamento 27,27109,HATO,100%,1239,0,0,0,0
27,Departamento 27,27112,JESUS MARIA,100%,1403,0,0,0,0
27,Departamento 27,27115,JORDAN,100%,1000,0,0,0,0
27,Departamento 27,27119,LA BELLEZA,100%,3173,0,0,0,0
27,Departamento 27,27118,LA PAZ,100%,2153,0,0,0,0
27,Departamento 27,27120,LANDAZURI,100%,4678,0,0,0,0
27,Departamento 27,27121,LEBRIJA,100%,19487,0,0,0,0
27,Departamento 27,27124,LOS SANTOS,100%,6367,0,0,0,0
27,Departamento 27,27127,MACARAVITA,100%,1193,0,0,0,0
27,Departamento 27,27130,MALAGA,100%,7697,0,0,0,0
27,Departamento 27,27133,MATANZA,100%,3130,0,0,0,0
27,Departamento 27,27136,MOGOTES,100%,4890,0,0,0,0
27,Departamento 27,27139,MOLAGAVITA,100%,2228,0,0,0,0
27,Departamento 27,27142,OCAMONTE,100%,2540,0,0,0,0
27,Departamento 27,27145,OIBA,100%,5563,0,0,0,0
27,Departamento 27,27148,ONZAGA,100%,1997,0,0,0,0
27,Departamento 27,27151,PALMAR,100%,935,0,0,0,0
27,Departamento 27,27154,PALMAS DEL SOCORRO,100%,1725,0,0,0,0
27,Departamento 27,27157,PARAMO,100%,2682,0,0,0,0
27,Departamento 27,27160,PIEDECUESTA,100%,63191,0,0,0,0
27,Departamento 27,27163,PINCHOTE,100%,2356,0,0,0,0
27,Departamento 27,27166,PUENTE NACIONAL,100%,5874,0,0,0,0
27,Departamento 27,27167,PUERTO PARRA,100%,2201,0,0,0,0
27,Departamento 27,27169,PUERTO WILCHES,100%,0,10288,0,0,0
27,Departamento 27,27172,RIONEGRO,100%,11719,0,0,0,0
27,Departamento 27,27174,SABANA DE TORRES,100%,9579,0,0,0,0
27,Departamento 27,27175,SAN ANDRES,100%,3284,0,0,0,0
27,Departamento 27,27178,SAN BENITO,100%,1339,0,0,0,0
27,Departamento 27,27181,SAN GIL,100%,23161,0,0,0,0
27,Departamento 27,27184,SAN JOAQUIN,100%,1156,0,0,0,0
27,Departamento 27,27187,SAN JOSE DE MIRANDA,100%,2696,0,0,0,0
27,Departamento 27,27190,SAN MIGUEL,100%,1158,0,0,0,0
27,Departamento 27,27193,SAN VICENTE DE CHUCURI,100%,12234,0,0,0,0
27,Departamento 27,27195,SANTA BARBARA,100%,1444,0,0,0,0
27,Departamento 27,27194,SANTA HELENA DEL OPON,100%,1862,0,0,0,0
27,Departamento 27,27196,SIMACOTA,100%,3437,0,0,0,0
27,Departamento 27,27199,SOCORRO,100%,13409,0,0,0,0
27,Departamento 27,27202,SUAITA,100%,4673,0,0,0,0
27,Departamento 27,27205,SUCRE,100%,2806,0,0,0,0
27,Departamento 27,27208,SURATA,100%,1979,0,0,0,0
27,Departamento 27,27211,TONA,100%,3384,0,0,0,0
27,Departamento 27,27217,VALLE DE SAN JOSE,100%,3266,0,0,0,0
27,Departamento 27,27220,VELEZ,100%,7277,0,0,0,0
27,Departamento 27,27219,VETAS,100%,998,0,0,0,0
27,Departamento 27,27221,VILLANUEVA,100%,4342,0,0,0,0
27,Departamento 27,27223,ZAPATOCA,100%,4372,0,0,0,0
28,Departamento 28,28010,BUENAVISTA,100%,0,3162,0,0,0
28,Departamento 28,28020,CAIMITO,100%,0,4603,0,0,0
28,Departamento 28,28045,CHALAN,100%,0,1580,0,0,0
28,Departamento 28,28030,COLOSO (RICAURTE),100%,0,3237,0,0,0
28,Departamento 28,28040,COROZAL,100%,0,20984,0,0,0
28,Departamento 28,28041,COVEÑAS,100%,0,5441,0,0,0
28,Departamento 28,28042,EL ROBLE,100%,0,4401,0,0,0
28,Departamento 28,28048,GALERAS (NUEVA GRANADA),100%,7458,0,0,0,0
28,Departamento 28,28049,GUARANDA,100%,5247,0,0,0,0
28,Departamento 28,28050,LA UNION,100%,0,4528,0,0,0
28,Departamento 28,28055,LOS PALMITOS,100%,0,9702,0,0,0
28,Departamento 28,28060,MAJAGUAL,100%,11602,0,0,0,0
28,Departamento 28,28080,MORROA,100%,0,6663,0,0,0
28,Departamento 28,28100,OVEJAS,100%,0,9372,0,0,0
28,Departamento 28,28120,PALMITO,100%,0,5847,0,0,0
28,Departamento 28,28160,SAMPUES,100%,0,15913,0,0,0
28,Departamento 28,28180,SAN BENITO ABAD,100%,0,6934,0,0,0
28,Departamento 28,28190,SAN JUAN DE BETULIA (BETULIA),100%,0,4925,0,0,0
28,Departamento 28,28200,SAN MARCOS,100%,0,15096,0,0,0
28,Departamento 28,28220,SAN ONOFRE,100%,0,16242,0,0,0
28,Departamento 28,28240,SAN PEDRO,100%,0,5916,0,0,0
28,Departamento 28,28260,SINCE,100%,0,8324,0,0,0
28,Departamento 28,28001,SINCELEJO,100%,0,89562,0,0,0
28,Departamento 28,28280,SUCRE,100%,6919,0,0,0,0
28,Departamento 28,28300,TOLU,100%,0,12643,0,0,0
28,Departamento 28,28320,TOLUVIEJO,100%,0,8457,0,0,0
29,Departamento 29,29004,ALPUJARRA,100%,1837,0,0,0,0
29,Departamento 29,29007,ALVARADO,100%,3087,0,0,0,0
29,Departamento 29,29010,AMBALEMA,100%,0,1931,0,0,0
29,Departamento 29,29013,ANZOATEGUI,100%,3419,0,0,0,0
29,Departamento 29,29016,ARMERO (GUAYABAL),100%,0,3486,0,0,0
29,Departamento 29,29019,ATACO,100%,6770,0,0,0,0
29,Departamento 29,29022,CAJAMARCA,100%,6075,0,0,0,0
29,Departamento 29,29025,CARMEN DE APICALA,100%,4558,0,0,0,0
29,Departamento 29,29028,CASABIANCA,100%,2524,0,0,0,0
29,Departamento 29,29040,CHAPARRAL,100%,12940,0,0,0,0
29,Departamento 29,29031,COELLO,100%,0,2873,0,0,0
29,Departamento 29,29034,COYAIMA,100%,0,6285,0,0,0
29,Departamento 29,29037,CUNDAY,100%,3304,0,0,0,0
29,Departamento 29,29043,DOLORES,100%,3387,0,0,0,0
29,Departamento 29,29046,ESPINAL,100%,24045,0,0,0,0
29,Departamento 29,29049,FALAN,100%,2341,0,0,0,0
29,Departamento 29,29052,FLANDES,100%,7042,0,0,0,0
29,Departamento 29,29055,FRESNO,100%,10855,0,0,0,0
29,Departamento 29,29058,GUAMO,100%,11397,0,0,0,0
29,Departamento 29,29061,HERVEO,100%,2559,0,0,0,0
29,Departamento 29,29064,HONDA,100%,0,7002,0,0,0
29,Departamento 29,29001,IBAGUE,100%,176469,0,0,0,0
29,Departamento 29,29067,ICONONZO,100%,3022,0,0,0,0
29,Departamento 29,29070,LERIDA,100%,0,5179,0,0,0
29,Departamento 29,29073,LIBANO,100%,0,10266,0,0,0
29,Departamento 29,29076,MARIQUITA,100%,10044,0,0,0,0
29,Departamento 29,29079,MELGAR,100%,14072,0,0,0,0
29,Departamento 29,29080,MURILLO,100%,1153,0,0,0,0
29,Departamento 29,29082,NATAGAIMA,100%,0,4839,0,0,0
29,Departamento 29,29085,ORTEGA,100%,7896,0,0,0,0
29,Departamento 29,29087,PALOCABILDO,100%,3302,0,0,0,0
29,Departamento 29,29088,PIEDRAS,100%,1768,0,0,0,0
29,Departamento 29,29089,PLANADAS,100%,7161,0,0,0,0
29,Departamento 29,29091,PRADO,100%,3351,0,0,0,0
29,Departamento 29,29094,PURIFICACION,100%,7213,0,0,0,0
29,Departamento 29,29097,RIOBLANCO,100%,5425,0,0,0,0
29,Departamento 29,29100,RONCESVALLES,100%,1658,0,0,0,0
29,Departamento 29,29103,ROVIRA,100%,8624,0,0,0,0
29,Departamento 29,29105,SALDAÑA,100%,5197,0,0,0,0
29,Departamento 29,29106,SAN ANTONIO,100%,4361,0,0,0,0
29,Departamento 29,29109,SAN LUIS,100%,6202,0,0,0,0
29,Departamento 29,29112,SANTA ISABEL,100%,2384,0,0,0,0
29,Departamento 29,29115,SUAREZ,100%,2223,0,0,0,0
29,Departamento 29,29118,VALLE DE SAN JUAN,100%,2577,0,0,0,0
29,Departamento 29,29121,VENADILLO,100%,4037,0,0,0,0
29,Departamento 29,29124,VILLAHERMOSA,100%,2539,0,0,0,0
29,Departamento 29,29127,VILLARRICA,100%,2296,0,0,0,0
31,Departamento 31,31004,ALCALA,100%,3737,0,0,0,0
31,Departamento 31,31007,ANDALUCIA,100%,0,7533,0,0,0
31,Departamento 31,31010,ANSERMANUEVO,100%,5740,0,0,0,0
31,Departamento 31,31013,ARGELIA,100%,2186,0,0,0,0
31,Departamento 31,31016,BOLIVAR,100%,4813,0,0,0,0
31,Departamento 31,31019,BUENAVENTURA,100%,0,97881,0,0,0
31,Departamento 31,31022,BUGA,100%,0,44607,0,0,0
31,Departamento 31,31025,BUGALAGRANDE,100%,0,8893,0,0,0
31,Departamento 31,31028,CAICEDONIA,100%,8954,0,0,0,0
31,Departamento 31,31001,CALI,100%,0,682166,0,0,0
31,Departamento 31,31040,CALIMA (DARIEN),100%,0,4802,0,0,0
31,Departamento 31,31031,CANDELARIA,100%,0,43650,0,0,0
31,Departamento 31,31034,CARTAGO,100%,36840,0,0,0,0
31,Departamento 31,31037,DAGUA,100%,0,12098,0,0,0
31,Departamento 31,31043,EL AGUILA,100%,3096,0,0,0,0
31,Departamento 31,31046,EL CAIRO,100%,2136,0,0,0,0
31,Departamento 31,31049,EL CERRITO,100%,0,24978,0,0,0
31,Departamento 31,31052,EL DOVIO,100%,3462,0,0,0,0
31,Departamento 31,31055,FLORIDA,100%,0,27141,0,0,0
31,Departamento 31,31058,GINEBRA,100%,0,6932,0,0,0
31,Departamento 31,31061,GUACARI,100%,0,14854,0,0,0
31,Departamento 31,31064,JAMUNDI,100%,0,55757,0,0,0
31,Departamento 31,31067,LA CUMBRE,100%,0,4823,0,0,0
31,Departamento 31,31070,LA UNION,100%,11569,0,0,0,0
31,Departamento 31,31073,LA VICTORIA,100%,4258,0,0,0,0
31,Departamento 31,31076,OBANDO,100%,0,3410,0,0,0
31,Departamento 31,31079,PALMIRA,100%,0,111031,0,0,0
31,Departamento 31,31082,PRADERA,100%,0,19477,0,0,0
31,Departamento 31,31085,RESTREPO,100%,0,4502,0,0,0
31,Departamento 31,31088,RIOFRIO,100%,4718,0,0,0,0
31,Departamento 31,31091,ROLDANILLO,100%,11289,0,0,0,0
31,Departamento 31,31094,SAN PEDRO,100%,0,5420,0,0,0
31,Departamento 31,31097,SEVILLA,100%,10421,0,0,0,0
31,Departamento 31,31100,TORO,100%,4642,0,0,0,0
31,Departamento 31,31103,TRUJILLO,100%,5744,0,0,0,0
31,Departamento 31,31106,TULUA,100%,0,53789,0,0,0
31,Departamento 31,31109,ULLOA,100%,1475,0,0,0,0
31,Departamento 31,31112,VERSALLES,100%,2994,0,0,0,0
31,Departamento 31,31115,VIJES,100%,0,4631,0,0,0
31,Departamento 31,31118,YOTOCO,100%,0,5808,0,0,0
31,Departamento 31,31121,YUMBO,100%,0,53074,0,0,0
31,Departamento 31,31124,ZARZAL,100%,0,16180,0,0,0
